"wmc","dit","noc","cbo","rfc","lcom","ca","ce","npm","lcom3","loc","dam","moa","mfa","cam","ic","cbm","amc","max_cc","avg_cc","bug"
0.9444504976680113,YES
0.9490676513880921,YES
1.6575421271082469,YES
1.0498071243861766,YES
0.6931471805599453,NO
0.6931471805599453,NO
0.28765707213927566,YES
0.5108456235659934,NO
0.8937996940386234,NO
0.0,NO
1.0986122886681098,NO
0.0,YES
0.5390048340312984,YES
0.6931471805599453,NO
0.6466319268184766,NO
1.0116009116784799,YES
0.0,NO
0.5877866649021191,NO
0.723918839226699,NO
0.6931471805599453,NO
0.8649974374866045,NO
0.6190161312168702,NO
0.7472091386584758,YES
1.041442110053074,NO
0.6931471805599453,NO
1.7578579175523736,YES
0.9808417529336019,YES
0.6931471805599453,NO
0.5877866649021191,NO
0.28765707213927566,NO
1.5686159179138452,YES
1.252762968495368,YES
0.5877866649021191,YES
0.7732052727305244,YES
1.3437260510111133,YES
1.6094379124341003,NO
0.8960880245566357,NO
0.5596157879354227,NO
0.0,NO
0.0,NO
0.7308763973699525,NO
0.5877866649021191,NO
0.6190161312168702,NO
2.1400661634962708,YES
0.9932517730102834,YES
1.041442110053074,NO
0.28765707213927566,YES
0.8109302162163288,YES
0.6466319268184766,NO
0.7949363264619792,YES
0.0,NO
1.2809338454620642,YES
0.8953939061611697,YES
0.8286828133526379,YES
0.6931471805599453,NO
0.6931471805599453,YES
0.8109302162163288,NO
0.9231471726706414,YES
1.041442110053074,YES
3.064726478373387,YES
0.6466319268184766,NO
0.6931471805599453,NO
0.4054651081081644,NO
0.6931471805599453,YES
0.8209685519978296,NO
1.3217558399823195,NO
0.6931471805599453,NO
0.656794351094147,NO
1.0116009116784799,YES
1.252762968495368,YES
0.8183250292881739,NO
0.5108456235659934,NO
0.28765707213927566,YES
0.6931471805599453,YES
0.5877866649021191,YES
0.6931471805599453,NO
0.6931471805599453,NO
0.5596157879354227,NO
1.1786549963416462,YES
0.6931471805599453,NO
0.5877866649021191,YES
0.4054651081081644,NO
0.965080896043587,NO
0.5877866649021191,YES
0.5877866649021191,YES
0.9555114450274363,YES
0.748723788448686,NO
0.6931471805599453,YES
0.7259531322851228,NO
0.8329091229351039,NO
0.6539384673346647,NO
0.6190161312168702,YES
0.0,NO
1.2039628042759356,YES
0.5877866649021191,YES
1.7609909355564186,YES
1.0560526742493137,NO
0.6286086594223741,NO
0.6931471805599453,NO
0.9597715884856911,YES
1.419076119394234,YES
0.4054651081081644,YES
0.5877866649021191,YES
0.8909729238898652,YES
0.6931471805599453,YES
0.6286086594223741,NO
1.3617967295194904,YES
0.4054651081081644,NO
1.4663293764561487,YES
0.6931471805599453,NO
1.1907355775439155,YES
0.5877866649021191,YES
0.5108456235659934,NO
0.5108456235659934,YES
0.5596157879354227,NO
0.28765707213927566,YES
0.5877866649021191,YES
1.0116009116784799,NO
0.7166683756012912,YES
0.7732052727305244,NO
0.5596157879354227,NO
0.5877866649021191,YES
0.47000362924573563,YES
0.5877866649021191,YES
0.5877866649021191,YES
0.8472835745708761,NO
0.6931471805599453,NO
0.5108456235659934,YES
0.5877866649021191,YES
0.635994649055637,YES
0.5108456235659934,NO
0.9808417529336019,NO
0.4054651081081644,NO
0.0,YES
0.4054651081081644,NO
1.9924256192253302,NO
0.635994649055637,NO
0.8266723231649368,NO
0.5108456235659934,NO
1.4663293764561487,YES
0.4054651081081644,YES
0.5108456235659934,NO
0.6931471805599453,NO
0.0,NO
0.28765707213927566,YES
0.6931471805599453,NO
1.2237754316221157,NO
1.3862943611198906,YES
0.6931471805599453,YES
0.4054651081081644,NO
0.0,NO
0.5108456235659934,NO
0.6931471805599453,NO
0.9963211317796435,NO
0.5596157879354227,YES
0.5877866649021191,YES
0.6190161312168702,YES
1.045141185980137,NO
0.6061176215868425,NO
1.013090710467866,NO
0.6931471805599453,NO
0.9555114450274363,NO
1.1700643560747492,YES
0.9315733554053119,YES
0.0,NO
0.5877866649021191,YES
0.28765707213927566,YES
1.3862943611198906,NO
1.2039628042759356,NO
0.4054651081081644,YES
0.8472835745708761,NO
1.041442110053074,NO
0.5877866649021191,YES
1.0296194171811581,YES
1.0360983832788673,YES
0.7444579747943725,YES
0.5390048340312984,YES
1.342499201120219,YES
0.8601858804893825,YES
1.40229073420449,YES
0.7732052727305244,YES
0.0,NO
1.6314146452374694,NO
0.7537718023763802,NO
0.5877866649021191,YES
0.5877866649021191,YES
1.3581263412919697,YES
1.0438040521731147,NO
0.5596157879354227,NO
0.6190161312168702,NO
0.4054651081081644,YES
0.9162907318741551,NO
1.55814461804655,YES
0.9162907318741551,NO
0.4054651081081644,NO
0.5596157879354227,NO
0.5877866649021191,NO
0.5877866649021191,YES
0.5596157879354227,NO
0.5877866649021191,YES
0.6931471805599453,NO
1.045141185980137,YES
1.1682005384377874,NO
0.6633063385489241,YES
0.6931471805599453,NO
0.5877866649021191,YES
0.8472835745708761,NO
0.0,NO
1.1878434223960523,YES
0.28765707213927566,YES
1.041442110053074,NO
0.6884863356777506,YES
0.4054651081081644,NO
0.6466319268184766,NO
0.6931471805599453,YES
0.5877866649021191,YES
0.5108456235659934,NO
0.9555114450274363,YES
1.4663293764561487,YES
0.6931471805599453,NO
0.9162907318741551,YES
0.28765707213927566,YES
0.5108456235659934,NO
1.1298525244041662,YES
0.0,NO
1.5040773967762742,YES
1.1631508098056809,NO
0.9093869555573606,YES
0.6931471805599453,YES
0.0,NO
0.5108456235659934,NO
1.0986122886681098,NO
0.9985340932551714,NO
0.5877866649021191,YES
0.28765707213927566,YES
1.519819503724882,NO
0.4054651081081644,NO
0.6931471805599453,YES
1.4350845252893227,YES
1.2809338454620642,NO
0.6931471805599453,NO
1.41369063260165,YES
0.4054651081081644,NO
0.8472835745708761,NO
0.8494241696172106,YES
0.9007709202161183,YES
1.041442110053074,NO
0.6701344062508724,YES
0.5390048340312984,NO
1.2992920749980297,YES
0.7906368018372024,YES
0.9520053056981487,YES
1.1631508098056809,YES
0.6931471805599453,NO
0.6061176215868425,YES
0.6931471805599453,YES
0.6061176215868425,NO
1.0586232804517464,YES
0.28765707213927566,YES
0.4054651081081644,NO
1.6247008391000128,NO
0.6931471805599453,NO
0.5108456235659934,NO
0.6931471805599453,YES
0.5877866649021191,YES
1.1931039517608273,YES
1.041442110053074,NO
0.28765707213927566,YES
0.5877866649021191,YES
0.635994649055637,NO
0.6931471805599453,NO
0.28765707213927566,YES
0.28765707213927566,YES
0.635994649055637,NO
0.7621600518468994,NO
0.7672337239126434,YES
1.0459847712674226,NO
0.22314355131420976,NO
0.6931471805599453,NO
0.6931471805599453,NO
1.6094379124341003,NO
0.6418538861723947,NO
0.28765707213927566,YES
0.5232481437645479,YES
0.7537718023763802,YES
0.5877866649021191,YES
1.0560526742493137,YES
0.6466319268184766,NO
0.7537718023763802,NO
0.6931471805599453,NO
0.6190161312168702,NO
1.0296194171811581,NO
0.5596157879354227,NO
0.28765707213927566,YES
0.6466319268184766,NO
0.8472835745708761,YES
0.5877866649021191,YES
0.28765707213927566,YES
0.4054651081081644,NO
0.9718767991137006,NO
0.5877866649021191,YES
0.0,NO
0.5877866649021191,YES
0.8472835745708761,NO
1.2992920749980297,NO
0.28765707213927566,YES
1.0216592474999815,NO
0.8266723231649368,YES
1.0498071243861766,NO
0.9444504976680113,NO
0.6931471805599453,NO
1.6094379124341003,NO
0.5108456235659934,YES
0.5877866649021191,YES
0.6931471805599453,NO
0.5108456235659934,NO
0.6418538861723947,NO
0.9343270943602536,NO
0.635994649055637,NO
1.2098256430011713,YES
1.1108701860636117,YES
0.28765707213927566,YES
0.5877866649021191,YES
0.28765707213927566,YES
0.0,NO
0.9808417529336019,YES
0.6592283873563194,YES
1.3217558399823195,YES
0.9808417529336019,YES
1.3862943611198906,NO
1.1526900361987737,YES
0.6931471805599453,NO
1.1221334837094556,YES
0.4054651081081644,NO
1.0116009116784799,YES
0.8708330089493718,YES
1.3862943611198906,NO
0.28765707213927566,YES
0.635994649055637,NO
0.5877866649021191,NO
0.0,NO
0.4054651081081644,NO
0.6241721660564141,NO
1.5869673293067317,YES
0.5877866649021191,NO
0.9808417529336019,YES
1.0296194171811581,NO
0.6931471805599453,NO
1.252762968495368,YES
0.28765707213927566,YES
0.6931471805599453,YES
1.0216592474999815,YES
1.8458214273265856,NO
0.5108456235659934,NO
1.4213960257052396,YES
0.28765707213927566,YES
0.5108456235659934,NO
0.9637848184024678,YES
0.6190161312168702,NO
1.7047480922384253,YES
0.5108456235659934,NO
0.7419373447293773,NO
0.9343270943602536,NO
0.28765707213927566,YES
0.5108456235659934,NO
0.5877866649021191,YES
0.825096071689228,YES
1.2685238253853828,NO
0.0,NO
0.6931471805599453,NO
0.4054651081081644,NO
0.5596157879354227,YES
0.635994649055637,NO
0.8167797410052205,NO
0.28765707213927566,YES
0.5390048340312984,NO
0.28765707213927566,NO
0.4054651081081644,NO
0.28765707213927566,YES
0.0,NO
0.6931471805599453,YES
0.6931471805599453,NO
0.9044610361205764,NO
0.843978070262529,YES
0.5596157879354227,NO
1.0986122886681098,YES
0.7949363264619792,NO
0.9808417529336019,NO
0.4054651081081644,NO
0.5108456235659934,NO
1.17412165935642,NO
0.4054651081081644,NO
0.6931471805599453,NO
0.5108456235659934,NO
1.1631508098056809,YES
0.6870284995517681,YES
0.8873149596375817,NO
0.6931471805599453,NO
0.7984976961677712,NO
0.0,NO
0.9526612331838055,NO
0.8472835745708761,NO
1.4198258443286829,YES
0.0,YES
0.28765707213927566,YES
1.3277909254964906,NO
0.4054651081081644,NO
1.252762968495368,NO
1.236749723839873,YES
1.0560526742493137,YES
0.28765707213927566,YES
0.28765707213927566,NO
0.635994649055637,NO
0.28765707213927566,YES
0.9808417529336019,YES
1.151457711214635,YES
0.4054651081081644,NO
0.5877866649021191,YES
0.6931471805599453,NO
0.6931471805599453,YES
0.6931471805599453,NO
0.4054651081081644,NO
1.1294001088204275,YES
0.4054651081081644,NO
1.341846007634155,YES
0.6931471805599453,NO
0.6241721660564141,NO
0.5877866649021191,YES
0.0,YES
0.9382870297460512,YES
0.6466319268184766,NO
0.0,YES
1.4999578118152794,YES
0.7884573603642703,NO
0.7884573603642703,YES
1.4170660197866443,NO
0.8675205675047258,NO
1.041442110053074,NO
0.5108456235659934,NO
0.28765707213927566,YES
1.1786549963416462,NO
0.7984976961677712,NO
0.4054651081081644,NO
1.0498071243861766,YES
0.5108456235659934,NO
1.9136525655202417,NO
0.9444504976680113,YES
1.33500106673234,YES
0.5877866649021191,YES
0.6931471805599453,YES
0.8873149596375817,YES
0.5877866649021191,YES
0.6190161312168702,NO
1.0296194171811581,NO
1.1574470743890022,NO
0.7472091386584758,YES
0.5108456235659934,NO
0.6931471805599453,NO
0.6931471805599453,YES
0.4054651081081644,NO
1.0296194171811581,NO
0.6466319268184766,NO
0.6931471805599453,NO
0.7537718023763802,YES
0.9588520129582287,YES
0.8472835745708761,NO
1.7707060600302227,NO
0.28765707213927566,YES
0.635994649055637,NO
0.5877866649021191,YES
0.6931471805599453,NO
0.7884573603642703,NO
1.1918901015829546,YES
1.55814461804655,YES
0.5108456235659934,NO
0.6931471805599453,NO
0.5877866649021191,NO
0.7884573603642703,NO
0.4054651081081644,NO
0.5877866649021191,YES
0.5596157879354227,NO
0.5877866649021191,YES
0.8873149596375817,NO
0.4054651081081644,NO
0.635994649055637,NO
1.5609197112793747,YES
1.521458794607049,YES
0.5306282510621704,NO
0.0,NO
0.47000362924573563,NO
1.24360689356601,YES
0.28765707213927566,YES
0.5877866649021191,YES
1.0986122886681098,YES
0.5877866649021191,NO
1.0560526742493137,NO
1.5448993912965292,YES
0.5108456235659934,NO
0.9985340932551714,NO
0.5877866649021191,YES
0.5596157879354227,NO
0.6931471805599453,NO
1.8152969433580979,NO
0.6466319268184766,YES
0.4054651081081644,NO
1.1773926614705914,YES
0.7884573603642703,YES
1.1786549963416462,YES
0.8601858804893825,NO
1.9035542405951242,YES
0.6931471805599453,NO
0.6190161312168702,NO
0.6931471805599453,NO
0.635994649055637,NO
0.9808417529336019,NO
1.1474024528375417,NO
0.4054651081081644,NO
0.6931471805599453,NO
1.2878542883066382,NO
0.0,YES
0.8342126208385481,NO
1.0986122886681098,YES
0.4054651081081644,NO
0.28765707213927566,YES
0.5877866649021191,YES
0.5877866649021191,YES
0.5877866649021191,YES
1.252762968495368,NO
0.9162907318741551,YES
0.7621600518468994,YES
0.5108456235659934,NO
0.5877866649021191,YES
0.7472091386584758,NO
0.8873149596375817,YES
0.4054651081081644,NO
0.6931471805599453,NO
0.5877866649021191,YES
0.0,YES
0.6466319268184766,NO
0.4054651081081644,NO
0.635994649055637,NO
0.4054651081081644,NO
0.6931471805599453,YES
0.6061176215868425,YES
1.1895797190382975,YES
0.6190161312168702,NO
1.4307417758551857,YES
0.0,NO
1.5976082166805217,NO
0.0,NO
1.0986122886681098,NO
0.6418538861723947,YES
0.6466319268184766,NO
0.0,NO
0.7563097555175854,YES
1.041442110053074,NO
0.6931471805599453,YES
0.9555114450274363,YES
0.0,NO
0.9028812249642212,YES
0.28765707213927566,YES
0.5877866649021191,YES
0.6466319268184766,NO
1.041442110053074,NO
0.7884573603642703,YES
0.7621600518468994,NO
0.28765707213927566,YES
0.8109302162163288,NO
0.6418538861723947,YES
0.6466319268184766,NO
1.1631508098056809,NO
0.5877866649021191,YES
0.5108456235659934,YES
0.5108456235659934,NO
0.9162907318741551,YES
0.7732052727305244,YES
0.6931471805599453,NO
0.6931471805599453,NO
0.5108456235659934,NO
0.8873149596375817,NO
1.041442110053074,NO
0.6931471805599453,NO
0.7732052727305244,YES
0.5108456235659934,NO
0.5877866649021191,YES
0.8232100648581137,YES
1.2396777289467125,NO
1.0986122886681098,YES
0.9343270943602536,YES
0.5877866649021191,YES
0.5877866649021191,YES
0.5877866649021191,YES
0.7942586819283568,YES
0.0,NO
0.6931471805599453,YES
1.2669476034873244,YES
0.635994649055637,NO
0.28765707213927566,YES
0.5596157879354227,NO
0.9162907318741551,NO
0.5596157879354227,NO
1.2809338454620642,YES
1.041442110053074,NO
0.5877866649021191,YES
0.8472835745708761,YES
0.8472835745708761,NO
0.6931471805599453,NO
0.4054651081081644,NO
0.6931471805599453,YES
0.6931471805599453,NO
0.5877866649021191,YES
1.519819503724882,NO
0.28765707213927566,YES
0.4054651081081644,NO
0.9985340932551714,YES
1.0586232804517464,YES
1.2039628042759356,YES
0.0,YES
0.5877866649021191,YES
0.28765707213927566,YES
0.5596157879354227,NO
1.252762968495368,YES
1.3862943611198906,NO
0.5108456235659934,NO
1.3581263412919697,YES
0.28765707213927566,YES
0.4054651081081644,NO
1.3437260510111133,NO
0.6931471805599453,NO
0.4054651081081644,NO
0.7282247071726412,NO
0.4054651081081644,NO
0.5108456235659934,NO
0.4054651081081644,NO
0.4054651081081644,YES
0.0,NO
0.9555114450274363,YES
0.6931471805599453,NO
0.5877866649021191,YES
0.6931471805599453,NO
0.6684445679195735,YES
0.8209685519978296,NO
1.6094379124341003,YES
0.6633063385489241,YES
0.6931471805599453,NO
0.6506049572942703,NO
1.5040773967762742,NO
1.5070729057560726,YES
0.6931471805599453,NO
0.28765707213927566,NO
0.0,YES
0.6931471805599453,YES
1.0986122886681098,YES
0.0,YES
0.8601858804893825,NO
0.5877866649021191,YES
1.041442110053074,NO
0.6931471805599453,NO
0.7472091386584758,NO
0.6931471805599453,YES
0.4054651081081644,NO
0.5108456235659934,NO
1.540452183778782,NO
0.7661652732965173,YES
1.1517106196631253,YES
1.0348912111102568,NO
0.5108456235659934,NO
0.0,NO
1.2432031328176052,NO
0.8979230745159701,NO
0.6931471805599453,YES
0.8595510538815251,NO
0.6822378900519093,NO
1.3862943611198906,YES
0.5877866649021191,YES
0.6931471805599453,NO
1.791759469228055,NO
1.4469189829363254,YES
0.28765707213927566,YES
0.661398482245365,YES
1.2039628042759356,NO
1.0296194171811581,YES
1.4759065198095778,YES
0.9985340932551714,NO
0.4054651081081644,NO
0.4054651081081644,NO
0.8472835745708761,YES
0.6811758087787253,YES
0.9903958468809382,YES
0.6633063385489241,YES
1.0986122886681098,YES
1.55814461804655,YES
0.6931471805599453,NO
0.8937996940386234,NO
0.28765707213927566,YES
0.28765707213927566,YES
1.041442110053074,NO
0.28765707213927566,YES
1.4552838992679533,NO
0.6931471805599453,NO
0.9162907318741551,NO
0.8472835745708761,NO
1.2656791937619143,YES
0.6931471805599453,NO
0.5877866649021191,YES
0.28765707213927566,YES
0.6729444732424258,YES
0.6931471805599453,NO
0.6931471805599453,NO
0.5596157879354227,NO
0.6931471805599453,NO
0.4054651081081644,NO
0.28765707213927566,YES
0.9694143501964279,NO
0.6931471805599453,NO
0.28765707213927566,YES
0.0,NO
0.28765707213927566,YES
0.5877866649021191,YES
0.4054651081081644,NO
0.8792532337715917,NO
1.041442110053074,NO
0.6190161312168702,NO
0.5877866649021191,YES
0.0,NO
1.2992920749980297,YES
0.0,NO
0.6931471805599453,YES
0.5108456235659934,NO
0.28765707213927566,YES
1.1631508098056809,YES
0.635994649055637,NO
1.241702021135943,YES
0.0,NO
0.9932517730102834,NO
0.9808417529336019,NO
0.9444504976680113,NO
0.6190161312168702,NO
0.28765707213927566,YES
0.28765707213927566,YES
0.8209685519978296,YES
0.0,NO
1.0498071243861766,NO
1.3862943611198906,YES
0.4054651081081644,NO
1.1081004665404182,NO
0.6701344062508724,YES
1.3862943611198906,YES
1.003312108813785,NO
0.965080896043587,NO
0.28765707213927566,YES
0.28765707213927566,YES
0.5877866649021191,YES
1.0986122886681098,NO
0.7732052727305244,NO
0.6931471805599453,NO
0.0,NO
0.7274519842519356,YES
1.791759469228055,YES
1.3862943611198906,NO
1.041442110053074,YES
0.6802645547289317,YES
1.041442110053074,NO
1.0818051703517284,YES
0.28765707213927566,YES
0.5596157879354227,NO
0.7621600518468994,YES
0.5108456235659934,NO
0.6931471805599453,NO
0.6931471805599453,YES
1.0986122886681098,NO
1.0216592474999815,YES
0.7884573603642703,YES
1.252762968495368,YES
1.2396777289467125,YES
0.28765707213927566,YES
0.0,YES
0.4054651081081644,YES
0.0,NO
0.3364722366212129,NO
0.7323678937132266,NO
0.8329091229351039,YES
0.4054651081081644,NO
0.6466319268184766,NO
0.0,YES
1.1786549963416462,NO
0.6931471805599453,NO
0.6061176215868425,YES
0.635994649055637,NO
0.5108456235659934,YES
0.5108456235659934,NO
1.0986122886681098,NO
0.5108456235659934,NO
1.0986122886681098,YES
0.4054651081081644,NO
1.8458214273265856,NO
0.6931471805599453,NO
0.0,NO
0.5877866649021191,YES
0.9555114450274363,YES
0.5877866649021191,YES
0.6931471805599453,YES
0.8690313953898945,YES
0.4054651081081644,NO
0.4054651081081644,NO
0.6466319268184766,NO
0.635994649055637,NO
0.4054651081081644,YES
0.4054651081081644,NO
0.5108456235659934,NO
0.5877866649021191,YES
0.8472835745708761,YES
0.5108456235659934,NO
0.6466319268184766,NO
0.28765707213927566,YES
0.9555114450274363,NO
0.635994649055637,YES
0.5108456235659934,YES
0.5596157879354227,YES
0.28765707213927566,NO
0.5108456235659934,YES
0.6931471805599453,YES
0.9873827319815683,YES
0.9007709202161183,NO
0.4054651081081644,NO
0.4054651081081644,NO
0.635994649055637,YES
1.41369063260165,NO
1.7255128234091288,YES
0.928812012427827,YES
1.4469189829363254,YES
0.0,NO
1.0116009116784799,NO
0.8472835745708761,NO
0.6931471805599453,NO
0.6061176215868425,YES
0.8312991319426876,YES
0.6931471805599453,YES
0.4054651081081644,NO
0.6931471805599453,NO
0.28765707213927566,YES
0.9162907318741551,NO
1.0459847712674226,YES
0.0,NO
0.7801502241815194,YES
1.205581509665352,NO
1.041442110053074,NO
0.9444504976680113,YES
0.28765707213927566,YES
0.6931471805599453,NO
0.7711262218765339,YES
0.6190161312168702,YES
0.6539384673346647,NO
0.6190161312168702,YES
0.28765707213927566,YES
0.5819362512239433,YES
0.0,NO
1.5260563034950492,YES
0.4054651081081644,NO
0.6390605146561794,YES
0.5108456235659934,NO
0.6466319268184766,NO
1.0296194171811581,NO
1.9459101490553132,YES
0.0,NO
0.6466319268184766,NO
0.9162907318741551,NO
1.791759469228055,YES
0.4054651081081644,NO
1.138217543260469,YES
0.5596157879354227,NO
1.3737155789130306,YES
0.6931471805599453,YES
0.907290349676856,YES
0.0,NO
1.3437260510111133,YES
0.6931471805599453,NO
0.8850477121342232,YES
0.5877866649021191,NO
0.5877866649021191,NO
1.7047480922384253,NO
1.0986122886681098,YES
0.35669494373873495,NO
0.0,NO
0.7859086606412564,YES
0.4054651081081644,YES
0.5596157879354227,YES
0.4054651081081644,YES
0.6931471805599453,NO
0.6931471805599453,NO
0.6931471805599453,YES
0.4054651081081644,YES
0.7114781372446687,YES
0.6286086594223741,YES
0.7621600518468994,YES
0.0,NO
0.6931471805599453,YES
0.0,YES
0.6190161312168702,YES
0.801867047274188,YES
0.6190161312168702,YES
0.5108456235659934,NO
0.0,NO
0.9162907318741551,YES
0.7472091386584758,YES
0.6061176215868425,YES
0.6931471805599453,YES
1.8152969433580979,YES
0.5108456235659934,NO
0.4054651081081644,YES
0.0,YES
0.5108456235659934,NO
0.4054651081081644,YES
0.7884573603642703,NO
0.8873149596375817,NO
0.9985340932551714,NO
0.5877866649021191,NO
0.6931471805599453,NO
0.8898646176376324,YES
0.6931471805599453,YES
0.961417049490265,YES
0.9162907318741551,YES
0.6592283873563194,YES
0.6931471805599453,YES
1.3217558399823195,NO
0.6286086594223741,YES
0.6931471805599453,NO
0.4054651081081644,NO
0.6931471805599453,NO
0.7884573603642703,YES
0.6592283873563194,YES
0.6190161312168702,NO
0.6931471805599453,NO
0.8472835745708761,YES
0.6783380649062372,YES
0.8472835745708761,YES
1.0986122886681098,YES
1.0986122886681098,YES
0.5108456235659934,NO
0.6931471805599453,YES
1.3668821575984291,NO
0.635994649055637,YES
0.5877866649021191,YES
1.0745244931390199,YES
0.8023602655332616,YES
0.6931471805599453,YES
0.9028812249642212,YES
0.9162907318741551,YES
0.6931471805599453,NO
0.4054651081081644,NO
0.6931471805599453,YES
0.5877866649021191,YES
0.6061176215868425,YES
0.7801502241815194,NO
0.6931471805599453,YES
0.9162907318741551,NO
1.0159188486835788,YES
1.3862943611198906,NO
0.5596157879354227,NO
0.5596157879354227,YES
1.5040773967762742,YES
0.6931471805599453,NO
0.9162907318741551,NO
0.5108456235659934,NO
0.6931471805599453,YES
0.4054651081081644,YES
0.5877866649021191,NO
0.6931471805599453,NO
0.6931471805599453,NO
0.661398482245365,YES
0.4054651081081644,YES
1.6739701835521403,YES
0.6931471805599453,NO
0.5108456235659934,YES
1.0216592474999815,NO
0.47000362924573563,NO
0.45196694175958424,NO
0.6286086594223741,YES
0.6701344062508724,YES
0.6061176215868425,NO
1.161618386244236,YES
0.7502833719307545,YES
0.6466319268184766,YES
0.6931471805599453,NO
0.7419373447293773,YES
0.5877866649021191,NO
0.6931471805599453,NO
0.6931471805599453,YES
0.4054651081081644,NO
0.953123981919504,YES
0.28765707213927566,NO
0.8283334531150133,YES
1.0116009116784799,YES
0.8109302162163288,YES
0.6931471805599453,NO
0.6061176215868425,NO
1.0986122886681098,NO
0.6931471805599453,YES
0.9490676513880921,YES
0.6931471805599453,NO
0.5108456235659934,NO
0.4054651081081644,YES
1.0296194171811581,NO
1.2039628042759356,NO
0.6931471805599453,YES
0.6190161312168702,NO
1.0986122886681098,YES
0.6931471805599453,YES
0.7221232887964623,NO
0.7308763973699525,NO
0.8043754472456545,NO
1.8123787564307907,NO
0.9075728412544323,YES
1.220269292292828,YES
0.6931471805599453,YES
0.5108456235659934,NO
0.6931471805599453,NO
0.6418538861723947,NO
0.5108456235659934,YES
0.656794351094147,YES
0.635994649055637,YES
0.6931471805599453,NO
0.7221232887964623,YES
0.6061176215868425,NO
0.4054651081081644,YES
0.6931471805599453,YES
1.0726446969705279,YES
0.6729444732424258,YES
0.5108456235659934,NO
0.5108456235659934,NO
0.656794351094147,NO
0.5877866649021191,NO
0.7537718023763802,NO
0.6931471805599453,NO
0.6931471805599453,NO
0.4054651081081644,NO
0.5877866649021191,NO
0.5877866649021191,NO
0.9162907318741551,YES
1.0986122886681098,NO
0.7419373447293773,YES
0.6931471805599453,YES
0.5108456235659934,NO
0.4054651081081644,NO
1.0986122886681098,NO
0.5108456235659934,NO
0.5108456235659934,NO
0.6931471805599453,NO
1.2039628042759356,NO
1.3411662335021428,NO
0.5877866649021191,YES
0.9985340932551714,NO
0.8873149596375817,YES
0.6931471805599453,NO
1.4663293764561487,NO
1.6094379124341003,NO
0.6931471805599453,NO
1.241702021135943,YES
0.6931471805599453,YES
0.7472091386584758,YES
0.8109302162163288,YES
0.4054651081081644,YES
0.5108456235659934,YES
1.540452183778782,YES
0.7661652732965173,YES
1.1499072497209382,YES
1.0372332156582649,YES
0.5108456235659934,YES
0.0,YES
1.5040773967762742,YES
1.2432031328176052,YES
0.8979230745159701,YES
0.6931471805599453,YES
0.0,YES
0.5108456235659934,YES
1.0986122886681098,YES
0.9162907318741551,YES
0.6931471805599453,YES
0.4054651081081644,YES
1.519819503724882,YES
0.4054651081081644,YES
1.2039628042759356,YES
1.0296194171811581,YES
1.490091154801534,YES
0.9985340932551714,YES
0.4054651081081644,YES
0.8472835745708761,NO
0.8472835745708761,YES
0.9007709202161183,YES
1.241702021135943,YES
0.6701344062508724,YES
0.5390048340312984,YES
1.2992920749980297,YES
0.5596157879354227,YES
0.8937996940386234,YES
0.4054651081081644,YES
0.4054651081081644,YES
1.1451459405736646,YES
1.4552838992679533,YES
0.6931471805599453,YES
0.9162907318741551,YES
1.2039628042759356,YES
0.6931471805599453,YES
1.0498071243861766,YES
0.0,YES
0.8601858804893825,YES
0.6931471805599453,YES
0.4054651081081644,YES
0.6729444732424258,YES
0.6931471805599453,YES
0.6931471805599453,YES
0.5596157879354227,YES
0.6931471805599453,YES
0.4054651081081644,YES
0.4054651081081644,YES
0.9694143501964279,YES
0.6931471805599453,YES
0.4054651081081644,YES
0.0,YES
0.4054651081081644,YES
0.7672337239126434,YES
1.0745244931390199,YES
0.8792532337715917,YES
1.241702021135943,YES
0.6190161312168702,YES
0.6418538861723947,YES
0.0,YES
1.3862943611198906,YES
0.0,YES
0.6931471805599453,YES
0.5108456235659934,YES
0.4054651081081644,YES
0.6466319268184766,YES
0.7537718023763802,YES
0.6931471805599453,YES
0.6190161312168702,YES
1.0296194171811581,YES
0.5596157879354227,YES
0.4054651081081644,YES
0.6466319268184766,YES
0.0,YES
0.4054651081081644,YES
0.4054651081081644,YES
0.8209685519978296,YES
0.0,YES
1.0498071243861766,YES
0.9444504976680113,YES
1.241702021135943,YES
0.4054651081081644,YES
1.3862943611198906,YES
1.003312108813785,YES
0.965080896043587,YES
0.4054651081081644,YES
0.8472835745708761,YES
1.2656791937619143,YES
0.6931471805599453,YES
0.6931471805599453,YES
0.7732052727305244,YES
0.6931471805599453,YES
0.0,YES
0.7151043479119874,YES
1.7730692230065752,YES
1.3862943611198906,YES
0.9343270943602536,YES
0.635994649055637,YES
1.2039628042759356,YES
1.1108701860636117,YES
0.4054651081081644,YES
0.6931471805599453,YES
0.4054651081081644,YES
0.0,YES
0.6931471805599453,YES
0.6931471805599453,YES
1.0986122886681098,YES
1.0216592474999815,YES
0.7884573603642703,YES
1.252762968495368,YES
1.2396777289467125,YES
0.4054651081081644,YES
0.5108456235659934,YES
0.4054651081081644,YES
0.0,YES
1.3862943611198906,YES
0.7323678937132266,YES
0.83945288314953,YES
0.4054651081081644,YES
0.6466319268184766,YES
0.0,YES
1.1786549963416462,YES
0.6931471805599453,YES
1.6094379124341003,YES
0.5877866649021191,YES
0.9627925655255748,YES
1.0296194171811581,YES
0.6931471805599453,YES
1.252762968495368,YES
1.3862943611198906,YES
0.4054651081081644,YES
1.1081004665404182,YES
0.6701344062508724,YES
0.0,YES
0.6931471805599453,YES
0.9555114450274363,YES
0.6931471805599453,YES
0.4054651081081644,YES
0.6931471805599453,YES
1.0986122886681098,YES
0.4054651081081644,YES
0.6466319268184766,YES
0.635994649055637,YES
0.4054651081081644,YES
0.4054651081081644,YES
0.4054651081081644,YES
0.5108456235659934,YES
0.5877866649021191,YES
0.8472835745708761,YES
0.5108456235659934,YES
0.6466319268184766,YES
0.4054651081081644,YES
0.9555114450274363,YES
0.4054651081081644,YES
0.5108456235659934,YES
0.5596157879354227,YES
0.28765707213927566,YES
0.5108456235659934,YES
0.6931471805599453,YES
0.9597715884856911,YES
0.9007709202161183,YES
0.4054651081081644,YES
0.4054651081081644,YES
0.9253297565248249,YES
1.41369063260165,YES
1.7346069377237465,YES
0.928812012427827,YES
1.4469189829363254,YES
0.0,YES
1.0116009116784799,YES
0.8397552001960358,YES
0.4054651081081644,YES
0.6931471805599453,NO
0.5108456235659934,YES
0.6931471805599453,YES
0.6877325478584464,YES
0.8873149596375817,YES
0.6931471805599453,YES
0.4054651081081644,YES
0.6931471805599453,YES
1.0216592474999815,YES
1.8458214273265856,YES
1.4328200585568238,YES
0.0,YES
0.4054651081081644,YES
0.6931471805599453,YES
0.7711262218765339,YES
0.6931471805599453,YES
0.9162907318741551,YES
0.4054651081081644,YES
0.6286086594223741,YES
0.4054651081081644,YES
0.5819362512239433,YES
0.0,YES
1.5178707189086098,YES
0.4054651081081644,YES
0.644377016190516,YES
0.5108456235659934,YES
0.6466319268184766,YES
1.0296194171811581,YES
1.9315214116032138,YES
0.0,YES
0.6466319268184766,YES
0.9162907318741551,YES
0.6931471805599453,YES
0.6241721660564141,YES
0.5877866649021191,YES
0.0,YES
1.3737155789130306,YES
0.6466319268184766,YES
0.0,YES
1.452994606546958,YES
0.7884573603642703,YES
0.7884573603642703,YES
1.3862943611198906,YES
1.0198215747010473,YES
0.7984976961677712,YES
0.0,YES
0.9808417529336019,YES
0.8472835745708761,NO
1.241702021135943,YES
0.5108456235659934,YES
1.7047480922384253,YES
1.1451459405736646,YES
0.35669494373873495,YES
0.0,YES
0.7859086606412564,YES
0.6190161312168702,YES
0.6539384673346647,YES
1.076128069115121,YES
0.5108456235659934,YES
1.9218077194155747,YES
0.9444504976680113,YES
1.33500106673234,YES
0.5877866649021191,YES
0.6931471805599453,YES
0.8873149596375817,YES
1.0986122886681098,YES
0.4054651081081644,YES
0.6931471805599453,YES
1.252762968495368,NO
0.7621600518468994,YES
0.6931471805599453,YES
0.9808417529336019,YES
0.4054651081081644,YES
0.6931471805599453,YES
1.3700379386003678,YES
0.8937996940386234,YES
0.7472091386584758,YES
0.6931471805599453,YES
0.4054651081081644,YES
0.6466319268184766,YES
0.7537718023763802,YES
0.8649974374866045,YES
0.7472091386584758,YES
0.4054651081081644,YES
0.6931471805599453,YES
0.7884573603642703,YES
1.5040773967762742,YES
0.6931471805599453,YES
0.7884573603642703,YES
0.6931471805599453,YES
0.6931471805599453,YES
0.7282247071726412,YES
0.4054651081081644,YES
0.9382870297460512,YES
0.4054651081081644,YES
0.6466319268184766,YES
0.8329091229351039,YES
1.0560526742493137,YES
0.5108456235659934,YES
0.6931471805599453,YES
0.8109302162163288,YES
1.041442110053074,YES
1.1773926614705914,YES
1.3862943611198906,YES
0.8209685519978296,YES
0.6931471805599453,NO
1.0116009116784799,YES
0.8183250292881739,YES
0.4054651081081644,YES
0.5390048340312984,YES
0.8601858804893825,YES
0.7732052727305244,YES
1.6314146452374694,YES
0.6931471805599453,YES
1.3437260510111133,YES
0.6931471805599453,YES
1.0560526742493137,YES
0.4054651081081644,YES
0.4054651081081644,YES
0.6061176215868425,YES
0.6190161312168702,YES
0.0,YES
1.1682005384377874,YES
0.5596157879354227,YES
1.5099048287088899,YES
0.4054651081081644,YES
0.28765707213927566,YES
0.635994649055637,YES
1.1939224684724346,YES
0.5108456235659934,YES
0.5596157879354227,YES
0.6931471805599453,YES
0.7621600518468994,YES
0.5596157879354227,YES
0.4054651081081644,YES
0.6931471805599453,YES
0.6931471805599453,YES
0.6931471805599453,YES
0.5108456235659934,YES
0.4054651081081644,YES
0.7732052727305244,YES
0.6931471805599453,YES
0.8873149596375817,YES
0.6931471805599453,YES
0.5108456235659934,YES
0.8167797410052205,YES
1.1451459405736646,YES
0.6931471805599453,YES
0.6931471805599453,YES
0.0,YES
1.2809338454620642,YES
0.4054651081081644,YES
0.9162907318741551,YES
0.6061176215868425,YES
0.6931471805599453,YES
0.5877866649021191,YES
0.8472835745708761,YES
0.4054651081081644,YES
0.6931471805599453,YES
1.519819503724882,YES
0.4054651081081644,YES
1.0586232804517464,YES
1.1192315758708453,YES
0.6190161312168702,YES
0.4054651081081644,YES
0.4054651081081644,YES
0.4054651081081644,YES
0.0,YES
0.6931471805599453,YES
0.6931471805599453,YES
0.8209685519978296,YES
0.635994649055637,YES
1.1907355775439155,YES
0.5108456235659934,YES
1.252762968495368,YES
0.7732052727305244,YES
1.6094379124341003,YES
0.5596157879354227,YES
0.0,YES
0.5877866649021191,YES
2.1400661634962708,YES
1.241702021135943,YES
0.7884573603642703,YES
0.7949363264619792,YES
1.2809338454620642,YES
1.5362433691310429,YES
0.9985340932551714,YES
0.9162907318741551,YES
3.097516903345931,YES
0.6931471805599453,YES
0.8601858804893825,YES
0.6931471805599453,YES
0.6931471805599453,YES
0.9808417529336019,YES
0.4054651081081644,YES
1.2878542883066382,YES
0.0,YES
0.5596157879354227,YES
0.6931471805599453,YES
0.4054651081081644,YES
0.6931471805599453,YES
0.9555114450274363,YES
0.6931471805599453,YES
0.8329091229351039,YES
0.6286086594223741,YES
1.2039628042759356,YES
1.7609909355564186,YES
0.6931471805599453,YES
0.9597715884856911,YES
0.4054651081081644,YES
0.6931471805599453,YES
0.0,YES
0.6931471805599453,YES
1.1574470743890022,YES
0.5108456235659934,YES
0.6931471805599453,YES
1.0296194171811581,YES
0.6931471805599453,YES
1.007629399289543,YES
1.7707060600302227,YES
0.635994649055637,YES
0.6931471805599453,YES
0.9808417529336019,YES
0.6931471805599453,YES
0.5108456235659934,YES
1.241702021135943,YES
0.7732052727305244,YES
0.6931471805599453,YES
1.2396777289467125,YES
0.9903958468809382,YES
1.3862943611198906,YES
0.4054651081081644,YES
0.5108456235659934,YES
0.9963211317796435,YES
0.635994649055637,YES
0.5596157879354227,YES
1.013090710467866,YES
0.9555114450274363,YES
0.4054651081081644,YES
0.6931471805599453,YES
0.5108456235659934,YES
0.6931471805599453,YES
0.4054651081081644,YES
0.8873149596375817,YES
1.2039628042759356,YES
0.4054651081081644,YES
0.7537718023763802,YES
0.4054651081081644,YES
1.2922583691932963,YES
1.40229073420449,YES
1.3862943611198906,YES
1.3581263412919697,YES
0.6931471805599453,YES
1.0438040521731147,YES
0.6190161312168702,YES
0.9162907318741551,YES
0.4054651081081644,YES
0.9555114450274363,YES
0.6931471805599453,YES
0.6684445679195735,YES
0.6931471805599453,YES
1.6094379124341003,YES
0.6931471805599453,YES
0.5108456235659934,YES
0.4054651081081644,YES
1.0116009116784799,YES
0.7732052727305244,YES
0.6931471805599453,YES
0.6931471805599453,YES
0.8472835745708761,YES
0.5108456235659934,YES
0.635994649055637,YES
0.6466319268184766,YES
0.6931471805599453,YES
0.9162907318741551,YES
0.5108456235659934,YES
0.9555114450274363,YES
1.4663293764561487,YES
0.6931471805599453,YES
0.9162907318741551,YES
0.4054651081081644,YES
0.5108456235659934,NO
1.1298525244041662,YES
0.0,YES
0.6931471805599453,YES
0.0,NO
1.1631508098056809,YES
0.9128849387393223,YES
0.8668063267752465,YES
1.0134537395867877,YES
1.3862943611198906,YES
0.5877866649021191,YES
0.6931471805599453,YES
1.791759469228055,YES
1.7047480922384253,YES
0.4054651081081644,YES
0.8043754472456545,YES
1.4350845252893227,YES
1.2809338454620642,YES
0.6931471805599453,YES
1.41369063260165,YES
0.4054651081081644,YES
0.8472835745708761,YES
0.6811758087787253,YES
0.9903958468809382,YES
0.6633063385489241,YES
1.126000451986976,YES
1.55814461804655,YES
0.6931471805599453,YES
0.7906368018372024,YES
0.9520053056981487,YES
1.4350845252893227,YES
0.6931471805599453,YES
0.6931471805599453,YES
0.6061176215868425,YES
1.0586232804517464,YES
0.4054651081081644,YES
0.5108456235659934,YES
0.4054651081081644,YES
1.241702021135943,YES
0.8486112831840174,YES
0.4054651081081644,YES
0.5108456235659934,YES
0.6931471805599453,YES
0.6931471805599453,YES
1.1931039517608273,YES
1.241702021135943,YES
0.4054651081081644,YES
0.6931471805599453,YES
0.635994649055637,YES
0.6931471805599453,YES
0.4054651081081644,YES
0.4054651081081644,YES
0.635994649055637,YES
0.7621600518468994,YES
0.8109302162163288,YES
0.6931471805599453,YES
0.4054651081081644,YES
0.6931471805599453,YES
0.6931471805599453,YES
1.6094379124341003,YES
0.6418538861723947,YES
0.4054651081081644,YES
0.5436025432799277,YES
0.7537718023763802,YES
0.6931471805599453,YES
1.0560526742493137,YES
1.8015117606707332,YES
1.1631508098056809,YES
0.635994649055637,YES
1.241702021135943,YES
0.0,YES
0.9932517730102834,YES
0.9852942699708848,YES
0.9444504976680113,YES
0.6190161312168702,YES
0.8472835745708761,YES
0.6931471805599453,YES
0.4054651081081644,YES
0.4054651081081644,YES
0.9718767991137006,YES
0.6931471805599453,YES
1.0560526742493137,YES
0.6061176215868425,YES
1.2992920749980297,YES
0.4054651081081644,YES
1.236749723839873,YES
0.8266723231649368,YES
0.4054651081081644,YES
0.4054651081081644,YES
1.6247008391000128,YES
0.6931471805599453,YES
1.6094379124341003,YES
0.5596157879354227,YES
0.6931471805599453,YES
0.6931471805599453,YES
0.5108456235659934,YES
0.6418538861723947,YES
0.6802645547289317,YES
1.241702021135943,YES
1.0818051703517284,YES
0.4054651081081644,YES
0.5596157879354227,YES
0.7621600518468994,YES
0.5108456235659934,YES
0.8329091229351039,YES
0.9808417529336019,YES
0.6592283873563194,YES
1.3217558399823195,YES
0.9808417529336019,YES
1.3862943611198906,YES
1.1526900361987737,YES
0.6931471805599453,YES
1.1221334837094556,YES
0.4054651081081644,YES
1.0027619630112756,YES
0.8708330089493718,YES
1.6314146452374694,YES
0.4054651081081644,YES
0.635994649055637,YES
0.5877866649021191,YES
0.0,YES
0.4054651081081644,YES
0.6241721660564141,YES
1.4213960257052396,YES
0.6061176215868425,YES
0.635994649055637,YES
0.5108456235659934,YES
0.5108456235659934,YES
1.0986122886681098,YES
0.6931471805599453,YES
0.0,YES
0.5877866649021191,YES
0.8472835745708761,NO
0.5108456235659934,YES
1.4213960257052396,YES
0.4054651081081644,YES
0.5108456235659934,YES
1.042183020701394,YES
1.0986122886681098,YES
0.9444504976680113,YES
0.6931471805599453,YES
0.7419373447293773,YES
0.9343270943602536,YES
0.7621600518468994,YES
0.4054651081081644,YES
0.5108456235659934,YES
0.5877866649021191,YES
0.8403164037765659,YES
1.2685238253853828,YES
0.0,YES
2.0794415416798357,YES
0.4054651081081644,YES
0.5596157879354227,YES
0.635994649055637,YES
0.7932187342841607,YES
0.4054651081081644,YES
0.5390048340312984,YES
0.28765707213927566,YES
0.4054651081081644,YES
0.4054651081081644,YES
0.0,YES
0.6931471805599453,YES
0.6931471805599453,YES
0.9044610361205764,YES
0.635994649055637,YES
0.5596157879354227,YES
1.252762968495368,YES
0.7949363264619792,YES
0.9808417529336019,NO
0.4054651081081644,YES
0.5108456235659934,YES
1.17412165935642,YES
0.6061176215868425,YES
0.8223755785677308,YES
1.1631508098056809,YES
0.4054651081081644,YES
0.6931471805599453,YES
0.4054651081081644,YES
0.5108456235659934,YES
1.0986122886681098,YES
0.4054651081081644,YES
1.8458214273265856,YES
0.6931471805599453,YES
1.241702021135943,YES
0.9444504976680113,YES
0.4054651081081644,YES
0.4054651081081644,YES
1.5040773967762742,YES
0.6190161312168702,YES
1.7047480922384253,YES
0.5108456235659934,YES
0.28765707213927566,YES
0.635994649055637,YES
0.4054651081081644,YES
0.9808417529336019,YES
1.1430756453746298,YES
0.4054651081081644,YES
0.5877866649021191,YES
0.6931471805599453,YES
0.6931471805599453,YES
0.6931471805599453,YES
0.4054651081081644,YES
1.1294001088204275,YES
0.4054651081081644,YES
1.341846007634155,YES
0.47000362924573563,YES
1.1786549963416462,YES
0.5596157879354227,YES
2.0794415416798357,YES
1.1700643560747492,YES
0.9190070393683835,YES
0.0,YES
1.2729576757808874,YES
0.6931471805599453,YES
0.8850477121342232,YES
0.5877866649021191,YES
0.9162907318741551,YES
1.0459847712674226,YES
0.0,YES
1.0002641656503337,YES
1.2181715237257489,YES
0.5877866649021191,YES
0.8023602655332616,YES
0.4054651081081644,YES
1.1786549963416462,YES
0.7984976961677712,YES
0.4054651081081644,YES
1.236749723839873,YES
1.0986122886681098,YES
0.4054651081081644,YES
0.9444504976680113,YES
0.9490676513880921,YES
1.634130525024472,YES
0.9833884754066491,YES
0.6931471805599453,YES
0.6931471805599453,YES
0.4054651081081644,YES
0.5108456235659934,YES
0.6931471805599453,YES
1.1977031913123406,YES
0.6931471805599453,YES
0.965080896043587,YES
0.4054651081081644,YES
0.7732052727305244,YES
0.7229972025288306,YES
0.6539384673346647,YES
1.7311421390517028,YES
0.0,YES
0.6931471805599453,YES
1.0986122886681098,YES
0.5390048340312984,YES
0.6466319268184766,YES
0.0,YES
0.7502833719307545,YES
0.4054651081081644,YES
0.8472835745708761,NO
0.4054651081081644,YES
0.6931471805599453,YES
1.0498071243861766,YES
0.5877866649021191,YES
1.5686159179138452,YES
0.6931471805599453,YES
1.4663293764561487,YES
0.9067251270044541,YES
0.0,YES
1.495485032358069,YES
0.5306282510621704,YES
0.47000362924573563,YES
0.4054651081081644,YES
1.0986122886681098,YES
0.0,YES
0.8953939061611697,YES
0.6931471805599453,YES
1.9459101490553132,YES
0.6931471805599453,YES
0.6466319268184766,YES
0.4054651081081644,YES
1.1776698959048835,YES
1.955719027188817,YES
0.6190161312168702,YES
0.635994649055637,YES
1.1474024528375417,YES
0.6931471805599453,YES
0.4054651081081644,YES
1.252762968495368,YES
0.5108456235659934,YES
0.4054651081081644,YES
0.4054651081081644,YES
1.3862943611198906,YES
0.0,YES
0.6931471805599453,YES
1.0560526742493137,YES
0.6931471805599453,YES
1.419076119394234,YES
0.6931471805599453,YES
0.8909729238898652,YES
0.6506049572942703,YES
1.5040773967762742,YES
0.6931471805599453,YES
0.8472835745708761,YES
1.442391100471761,YES
0.5108456235659934,YES
0.0,YES
1.241702021135943,YES
0.9162907318741551,YES
0.927982120463739,YES
0.6931471805599453,YES
1.241702021135943,YES
0.7621600518468994,YES
0.8109302162163288,YES
0.6466319268184766,YES
0.5877866649021191,YES
0.5108456235659934,YES
0.7472091386584758,YES
0.4054651081081644,YES
0.635994649055637,YES
0.5108456235659934,YES
0.4054651081081644,YES
0.6931471805599453,YES
0.4054651081081644,YES
1.2237754316221157,YES
0.6931471805599453,YES
0.0,YES
0.6931471805599453,YES
0.5596157879354227,YES
0.6190161312168702,YES
0.0,YES
1.2809338454620642,YES
0.5108456235659934,YES
1.1700643560747492,YES
0.0,YES
0.4054651081081644,YES
1.2039628042759356,YES
0.8472835745708761,NO
0.6931471805599453,YES
0.6286086594223741,YES
0.4054651081081644,YES
0.0,YES
0.5596157879354227,YES
0.5108456235659934,YES
1.3217558399823195,YES
0.4054651081081644,YES
0.5877866649021191,YES
0.5596157879354227,YES
0.6931471805599453,YES
0.4054651081081644,YES
0.6931471805599453,YES
0.28765707213927566,YES
0.7621600518468994,YES
0.5877866649021191,YES
0.4054651081081644,YES
0.5596157879354227,YES
0.8873149596375817,YES
0.635994649055637,YES
1.536867219599265,YES
0.0,YES
1.2450475668976555,YES
0.6931471805599453,YES
0.5877866649021191,YES
0.8472835745708761,YES
0.8286828133526379,YES
0.5596157879354227,YES
1.7227665977411035,YES
0.4054651081081644,YES
0.7884573603642703,YES
1.3217558399823195,YES
0.656794351094147,YES
1.252762968495368,YES
0.5108456235659934,YES
0.6931471805599453,YES
0.6931471805599453,YES
0.6931471805599453,YES
0.4054651081081644,YES
0.6931471805599453,YES
0.6931471805599453,YES
0.9162907318741551,YES
0.5108456235659934,YES
0.7472091386584758,YES
0.4054651081081644,YES
0.6931471805599453,YES
0.6466319268184766,YES
0.635994649055637,YES
0.6931471805599453,YES
1.3121902351126185,YES
1.442391100471761,YES
0.6931471805599453,YES
0.0,YES
0.6466319268184766,YES
0.4054651081081644,YES
0.6931471805599453,YES
1.3862943611198906,YES
0.5877866649021191,YES
0.6931471805599453,YES
0.6190161312168702,YES
1.241702021135943,YES
1.7578579175523736,YES
0.0,YES
0.9162907318741551,YES
2.0014800002101243,YES
0.8266723231649368,YES
1.4663293764561487,YES
0.5108456235659934,YES
0.0,YES
0.6418538861723947,YES
0.9343270943602536,YES
0.6931471805599453,YES
0.7922229887506328,YES
0.6931471805599453,YES
0.4054651081081644,YES
0.6931471805599453,YES
0.5596157879354227,YES
1.041442110053074,YES
0.8472835745708761,YES
0.9162907318741551,YES
0.6931471805599453,YES
1.3862943611198906,YES
0.5108456235659934,YES
1.241702021135943,YES
1.0986122886681098,YES
1.0986122886681098,YES
0.47000362924573563,YES
0.5108456235659934,YES
0.6931471805599453,YES
0.5596157879354227,YES
0.4054651081081644,YES
0.0,YES
0.7537718023763802,YES
0.6931471805599453,YES
0.7282247071726412,YES
0.5108456235659934,YES
0.4054651081081644,YES
0.9162907318741551,YES
0.5596157879354227,YES
0.6931471805599453,YES
0.28765707213927566,YES
0.4054651081081644,YES
1.0986122886681098,YES
0.7563097555175854,YES
0.6931471805599453,YES
0.0,YES
0.4054651081081644,YES
0.6466319268184766,YES
0.7884573603642703,YES
0.4054651081081644,YES
0.6418538861723947,YES
1.1631508098056809,YES
0.4054651081081644,NO
0.9555114450274363,NO
1.9081637770981577,NO
0.6931471805599453,YES
0.5108456235659934,YES
0.4054651081081644,YES
1.519819503724882,NO
0.0,YES
0.6931471805599453,YES
0.5108456235659934,YES
0.8183250292881739,YES
1.7578579175523736,YES
1.118022682187933,YES
0.656794351094147,YES
1.0986122886681098,NO
0.6061176215868425,NO
0.0,NO
1.0116009116784799,YES
1.2729576757808874,YES
0.0,NO
2.086367501750569,YES
0.4054651081081644,YES
0.6061176215868425,NO
0.9162907318741551,NO
0.7884573603642703,NO
0.5877866649021191,YES
0.6286086594223741,NO
1.0459847712674226,NO
1.3862943611198906,NO
0.9162907318741551,NO
1.0055096704057853,NO
0.5108456235659934,NO
0.28765707213927566,NO
0.6931471805599453,NO
0.6931471805599453,YES
0.4054651081081644,NO
0.6286086594223741,YES
0.5877866649021191,NO
0.6418538861723947,YES
0.5877866649021191,NO
1.3010359921679793,YES
0.4054651081081644,NO
1.791759469228055,NO
0.4054651081081644,NO
0.6931471805599453,NO
0.8362513575283964,NO
0.28765707213927566,NO
0.8649974374866045,YES
0.5596157879354227,NO
1.252762968495368,NO
0.5596157879354227,NO
0.6506049572942703,YES
1.003312108813785,YES
0.6931471805599453,YES
1.0116009116784799,NO
0.8649974374866045,NO
0.0,NO
1.3437260510111133,NO
0.635994649055637,YES
0.6466319268184766,NO
0.6931471805599453,NO
0.6061176215868425,NO
0.9343270943602536,YES
1.252762968495368,NO
0.6190161312168702,NO
0.6931471805599453,NO
0.6931471805599453,YES
0.6931471805599453,NO
0.0,YES
0.5390048340312984,NO
0.0,NO
0.6826927226560864,YES
0.7827593392496325,YES
0.6131294725739141,NO
0.7672337239126434,YES
0.13356889192141522,NO
0.8109302162163288,YES
0.6931471805599453,NO
0.0,YES
0.7884573603642703,NO
1.0116009116784799,YES
0.7472091386584758,YES
1.2237754316221157,YES
0.0,NO
0.9444504976680113,NO
0.7801502241815194,YES
0.6931471805599453,YES
0.6061176215868425,NO
0.6931471805599453,YES
1.2729576757808874,NO
0.28765707213927566,NO
0.0,YES
0.6931471805599453,NO
0.0,YES
0.6061176215868425,YES
0.9555114450274363,NO
0.4054651081081644,NO
0.7732052727305244,YES
0.8754687373538999,YES
1.3437260510111133,NO
0.4054651081081644,NO
0.635994649055637,NO
0.656794351094147,NO
0.6931471805599453,YES
0.656794351094147,NO
0.7621600518468994,YES
0.6190161312168702,NO
0.4054651081081644,NO
0.7672337239126434,YES
0.6539384673346647,YES
0.6931471805599453,YES
1.0986122886681098,YES
0.6931471805599453,NO
0.4054651081081644,NO
0.852796998089483,YES
0.6190161312168702,YES
0.6190161312168702,YES
0.6931471805599453,NO
0.5877866649021191,YES
0.5108456235659934,NO
0.9057150055019704,YES
0.8472835745708761,YES
0.7114781372446687,YES
0.6931471805599453,NO
0.7984976961677712,YES
1.126000451986976,NO
0.6286086594223741,YES
1.1895797190382975,NO
0.5108456235659934,YES
0.8362513575283964,NO
0.8472835745708761,NO
1.3862943611198906,NO
0.4054651081081644,NO
0.6931471805599453,YES
0.9444504976680113,YES
0.6931471805599453,YES
0.6286086594223741,YES
0.6931471805599453,NO
0.6931471805599453,NO
1.0116009116784799,YES
0.9409833444645266,YES
0.6931471805599453,YES
1.003312108813785,YES
0.3364722366212129,NO
0.7732052727305244,YES
0.9444504976680113,YES
0.6506049572942703,YES
0.6720767499406536,YES
0.6418538861723947,YES
0.9808417529336019,NO
0.6931471805599453,NO
0.0,NO
0.4054651081081644,NO
0.5390048340312984,YES
1.7578579175523736,NO
0.6931471805599453,NO
0.635994649055637,NO
0.7772125556776127,YES
0.13356889192141522,NO
0.7984976961677712,YES
2.6927808828158715,YES
0.6061176215868425,NO
0.8472835745708761,YES
0.5877866649021191,NO
0.5108456235659934,NO
0.656794351094147,NO
1.540452183778782,NO
0.5390048340312984,NO
0.6190161312168702,NO
1.410986973710262,NO
0.4054651081081644,NO
1.0986122886681098,YES
0.4054651081081644,NO
0.0,NO
0.8979230745159701,YES
0.9555114450274363,NO
0.6506049572942703,YES
0.656794351094147,YES
1.0296194171811581,NO
0.9162907318741551,YES
0.7801502241815194,YES
0.6931471805599453,NO
0.8329091229351039,YES
1.0986122886681098,NO
0.7884573603642703,YES
0.6711571626683301,YES
0.5108456235659934,NO
0.5877866649021191,YES
0.8979230745159701,NO
0.635994649055637,YES
0.7472091386584758,NO
1.0388976693404521,YES
0.4054651081081644,NO
0.6931471805599453,YES
0.8754687373538999,YES
0.0,NO
0.6931471805599453,NO
0.5390048340312984,YES
1.0479854388237198,NO
0.0,NO
0.5877866649021191,NO
1.1169759726850677,NO
0.5877866649021191,NO
0.4054651081081644,NO
0.6931471805599453,NO
1.0459847712674226,NO
0.6931471805599453,NO
1.0116009116784799,NO
0.5108456235659934,NO
0.5108456235659934,NO
1.0388976693404521,NO
0.7884573603642703,YES
0.7308763973699525,NO
0.5596157879354227,YES
0.0,NO
0.6931471805599453,NO
0.9808417529336019,NO
0.9808417529336019,NO
0.7884573603642703,NO
1.0498071243861766,YES
1.1349763614040356,YES
0.7073458999597583,YES
0.4054651081081644,NO
0.6931471805599453,NO
0.5108456235659934,NO
1.547562508716013,NO
0.6931471805599453,NO
0.6418538861723947,NO
0.7178397931503168,NO
0.7732052727305244,NO
0.6931471805599453,NO
0.28765707213927566,NO
0.6506049572942703,NO
1.2425105920310167,NO
0.5108456235659934,NO
1.2321520145912437,NO
0.6931471805599453,NO
0.5108456235659934,NO
0.4054651081081644,NO
0.0,NO
1.0360983832788673,NO
0.6931471805599453,NO
1.2237754316221157,NO
0.656794351094147,NO
0.6506049572942703,NO
0.5108456235659934,NO
0.6931471805599453,NO
0.5108456235659934,NO
0.5108456235659934,NO
0.5753766448254375,NO
0.6190161312168702,NO
0.6931471805599453,NO
0.6931471805599453,NO
0.5596157879354227,NO
0.8109302162163288,NO
0.6466319268184766,NO
0.4054651081081644,NO
0.5877866649021191,NO
0.6466319268184766,NO
0.6061176215868425,NO
0.4054651081081644,NO
0.8909729238898652,NO
0.6931471805599453,YES
0.6701344062508724,NO
0.6190161312168702,NO
0.5596157879354227,NO
1.5040773967762742,NO
0.6506049572942703,NO
0.4054651081081644,NO
0.5978470007056208,NO
0.6931471805599453,NO
0.6931471805599453,NO
0.6795552270404782,NO
0.8690313953898945,NO
0.4054651081081644,NO
0.7672337239126434,NO
0.6931471805599453,NO
0.5500271059651275,NO
1.4816045409242156,NO
0.6931471805599453,NO
0.5108456235659934,NO
0.6286086594223741,NO
0.5877866649021191,NO
0.6931471805599453,NO
0.5877866649021191,NO
0.9490676513880921,NO
0.6931471805599453,NO
1.8152969433580979,YES
0.1823215567939546,NO
0.9808417529336019,NO
0.47000362924573563,NO
0.9082585601768908,YES
0.0,NO
0.677424220094709,NO
0.6931471805599453,NO
0.8023602655332616,NO
0.6931471805599453,NO
1.1384738220932402,YES
0.9162907318741551,NO
0.4054651081081644,YES
0.8472835745708761,NO
0.6931471805599453,NO
1.0986122886681098,NO
0.7801502241815194,NO
0.4054651081081644,NO
0.6931471805599453,NO
0.7472091386584758,NO
1.8458214273265856,NO
1.4663293764561487,NO
0.6931471805599453,NO
0.7375945952952404,NO
0.6190161312168702,NO
1.3217558399823195,NO
1.1136650912944024,NO
0.6931471805599453,NO
0.5596157879354227,NO
0.5108456235659934,NO
0.635994649055637,NO
0.5108456235659934,NO
0.7472091386584758,YES
0.8842219823486495,NO
0.6931471805599453,NO
0.8472835745708761,NO
0.9162907318741551,NO
0.6931471805599453,NO
0.7732052727305244,NO
1.0986122886681098,NO
1.2861977445816055,YES
0.9315733554053119,NO
0.661398482245365,NO
0.7884573603642703,NO
1.0498071243861766,NO
0.6931471805599453,NO
0.6931471805599453,NO
0.8043754472456545,NO
0.9555114450274363,NO
1.0360983832788673,NO
0.6418538861723947,NO
0.8109302162163288,NO
0.9555114450274363,NO
0.4054651081081644,NO
0.7621600518468994,NO
0.8266723231649368,NO
0.7884573603642703,NO
0.7732052727305244,NO
0.661398482245365,NO
0.9315733554053119,NO
0.0,NO
0.6931471805599453,NO
0.7259531322851228,NO
0.6931471805599453,NO
0.635994649055637,NO
0.8472835745708761,NO
0.8937996940386234,NO
0.8799171617597961,NO
0.5596157879354227,NO
0.6931471805599453,NO
0.8109302162163288,NO
0.6931471805599453,NO
0.6931471805599453,NO
0.6061176215868425,NO
0.6931471805599453,NO
0.6931471805599453,NO
0.5108456235659934,NO
0.9162907318741551,NO
0.6931471805599453,NO
1.1526900361987737,NO
0.7419373447293773,NO
0.7901377658735738,NO
1.0986122886681098,NO
0.6466319268184766,NO
0.9555114450274363,NO
1.0986122886681098,NO
0.6931471805599453,NO
0.661398482245365,NO
0.7841298282718161,NO
0.47000362924573563,NO
0.47000362924573563,NO
0.5108456235659934,NO
0.4054651081081644,NO
0.6931471805599453,NO
0.6931471805599453,NO
0.6744739152943241,NO
0.5877866649021191,NO
0.5877866649021191,NO
0.4054651081081644,NO
0.9835380808226442,NO
0.6931471805599453,NO
0.7621600518468994,NO
0.47000362924573563,NO
1.1607416601336584,YES
0.6931471805599453,NO
0.4054651081081644,NO
1.0116009116784799,NO
0.6931471805599453,NO
0.6931471805599453,NO
0.4054651081081644,NO
0.5596157879354227,NO
0.47000362924573563,NO
0.5108456235659934,NO
1.0986122886681098,NO
0.7884573603642703,NO
0.6466319268184766,NO
0.719107282229477,NO
0.6190161312168702,YES
0.8109302162163288,NO
0.5108456235659934,NO
0.6931471805599453,NO
0.4054651081081644,NO
0.6931471805599453,NO
0.946936321988542,NO
0.4054651081081644,NO
0.45196694175958424,NO
0.8329091229351039,NO
0.6931471805599453,NO
0.6931471805599453,NO
0.9808417529336019,YES
1.0296194171811581,NO
0.5947071077466928,NO
0.6931471805599453,NO
0.5877866649021191,NO
0.28765707213927566,NO
0.6814287876057469,NO
1.4816045409242156,NO
0.6931471805599453,NO
0.9257657022366732,NO
0.6931471805599453,NO
0.5108456235659934,NO
0.5390048340312984,NO
0.9808417529336019,NO
0.0,NO
0.8824029732067981,NO
0.6931471805599453,NO
1.041442110053074,NO
0.6539384673346647,NO
1.2706309524661672,NO
0.5108456235659934,NO
0.47000362924573563,NO
0.0,NO
0.6286086594223741,NO
0.6931471805599453,YES
0.5108456235659934,NO
0.7654678421395714,YES
0.8690313953898945,NO
0.8937996940386234,NO
1.4213960257052396,NO
0.7472091386584758,NO
0.28765707213927566,NO
0.6931471805599453,NO
0.5753766448254375,NO
0.8397552001960358,NO
0.9555114450274363,NO
0.5108456235659934,NO
1.0818051703517284,NO
0.6931471805599453,NO
0.6931471805599453,YES
0.8754687373538999,NO
0.6931471805599453,NO
0.5465594957171017,NO
0.6931471805599453,NO
0.5108456235659934,NO
0.9409833444645266,YES
0.5596157879354227,NO
0.9555114450274363,NO
1.0678437549964732,NO
0.4054651081081644,NO
0.9295228006428731,NO
0.8266723231649368,NO
0.7472091386584758,YES
0.5877866649021191,NO
0.6931471805599453,NO
0.6931471805599453,NO
0.6061176215868425,NO
1.0488966964221769,NO
0.6931471805599453,NO
0.965080896043587,NO
0.43534748259003403,NO
0.7884573603642703,NO
0.0,NO
0.5108456235659934,NO
1.3862943611198906,NO
0.6190161312168702,NO
0.7984976961677712,NO
1.4441150556035913,YES
0.5108456235659934,NO
0.6931471805599453,NO
0.8601858804893825,NO
0.7221232887964623,YES
1.763582877959318,YES
0.6931471805599453,NO
1.7047480922384253,YES
0.9209200002578173,YES
0.8407910224725076,NO
1.027510051174961,YES
0.4054651081081644,NO
0.5108456235659934,NO
0.8109302162163288,NO
0.6466319268184766,NO
1.5040773967762742,YES
1.1620251765181706,YES
1.1631508098056809,NO
1.6486586255873816,NO
1.1895797190382975,NO
0.7777180820102151,YES
0.5596157879354227,NO
0.5877866649021191,NO
0.635994649055637,YES
0.5108456235659934,NO
0.6931471805599453,NO
1.0986122886681098,NO
0.5596157879354227,NO
0.635994649055637,NO
1.7272209480904839,NO
0.7884573603642703,NO
0.6931471805599453,NO
1.2611278848269956,NO
0.8649974374866045,NO
1.0116009116784799,NO
0.9236634862035681,YES
0.8754687373538999,NO
0.6931471805599453,NO
1.2237754316221157,NO
0.8209685519978296,NO
0.8109302162163288,NO
0.8109302162163288,YES
0.4054651081081644,NO
0.8183250292881739,YES
0.5390048340312984,NO
0.6931471805599453,NO
0.6931471805599453,NO
0.9627925655255748,NO
0.9162907318741551,NO
0.6664951495625188,YES
1.0116009116784799,NO
0.6931471805599453,NO
0.9808417529336019,NO
0.8266723231649368,NO
0.7949363264619792,YES
1.3633071684738831,NO
1.118022682187933,NO
0.4054651081081644,NO
1.0531615424307255,NO
0.8522001104145457,NO
1.0687714466570883,YES
0.6931471805599453,NO
0.7621600518468994,NO
0.6390605146561794,NO
0.0,NO
1.1786549963416462,NO
0.9295228006428731,NO
0.8472835745708761,NO
0.6931471805599453,NO
0.6931471805599453,YES
0.4054651081081644,NO
0.0,NO
0.8649974374866045,NO
0.5108456235659934,NO
0.4054651081081644,NO
0.0,NO
0.6931471805599453,NO
1.0244991882961105,YES
0.6931471805599453,NO
0.4054651081081644,NO
0.9162907318741551,NO
0.7472091386584758,NO
0.6931471805599453,NO
1.0360983832788673,NO
1.003312108813785,NO
0.4054651081081644,NO
0.9490676513880921,NO
0.47000362924573563,NO
0.8824029732067981,NO
0.6931471805599453,NO
1.0445432155442675,NO
0.5596157879354227,NO
0.0,NO
1.3862943611198906,YES
0.9162907318741551,NO
0.9808417529336019,NO
0.6190161312168702,YES
0.7621600518468994,NO
0.6931471805599453,NO
0.6061176215868425,NO
0.5465594957171017,NO
1.252762968495368,NO
1.084614779024256,YES
0.8754687373538999,NO
0.5108456235659934,NO
0.635994649055637,YES
0.6931471805599453,NO
0.8956797779700306,YES
0.7732052727305244,YES
0.6190161312168702,NO
0.6931471805599453,NO
0.0,NO
1.0560526742493137,YES
0.8209685519978296,YES
0.6931471805599453,NO
0.6061176215868425,NO
0.6190161312168702,NO
0.4054651081081644,NO
0.6931471805599453,NO
0.9985340932551714,YES
1.2861977445816055,NO
0.5877866649021191,NO
0.8362513575283964,NO
0.7732052727305244,NO
0.0,NO
0.9808417529336019,YES
0.7884573603642703,NO
0.965080896043587,YES
1.6739701835521403,NO
0.9903958468809382,NO
0.4054651081081644,NO
0.8754687373538999,NO
0.0,NO
0.5108456235659934,NO
0.7884573603642703,NO
0.0,YES
1.3034017630303247,YES
0.9808417529336019,NO
0.6418538861723947,NO
1.0986122886681098,NO
0.9162907318741551,NO
0.8266723231649368,NO
0.4054651081081644,NO
0.6931471805599453,NO
1.041442110053074,NO
1.2755303841350356,YES
0.8824029732067981,YES
1.2570964226482086,NO
0.5877866649021191,NO
1.2992920749980297,NO
1.3862943611198906,NO
0.0,NO
1.0986122886681098,YES
1.252762968495368,NO
0.8109302162163288,NO
0.8690313953898945,NO
1.4469189829363254,NO
0.6931471805599453,YES
0.6931471805599453,NO
1.0986122886681098,NO
1.0127638715420721,YES
0.6931471805599453,NO
0.5596157879354227,NO
0.8472835745708761,NO
1.1370634750423625,YES
0.5596157879354227,NO
1.2656791937619143,YES
0.8362513575283964,YES
0.6931471805599453,NO
1.4350845252893227,YES
0.8472835745708761,NO
0.7884573603642703,NO
1.3862943611198906,NO
0.9555114450274363,YES
1.4880835070219245,YES
1.535339171007006,NO
0.9162907318741551,NO
0.7905007258158552,YES
0.6931471805599453,NO
0.7308763973699525,YES
0.8803733566873551,NO
1.2914065920875724,YES
1.1411607919140656,YES
0.6931471805599453,NO
1.0986122886681098,NO
0.5877866649021191,NO
0.6931471805599453,YES
0.6061176215868425,NO
0.8266723231649368,YES
1.1939224684724346,NO
0.5596157879354227,NO
1.17412165935642,YES
1.1486080749893495,NO
1.8458214273265856,NO
0.9808417529336019,NO
0.6931471805599453,NO
0.6931471805599453,NO
0.8690313953898945,NO
0.965080896043587,NO
1.3862943611198906,YES
1.6739701835521403,NO
0.6931471805599453,NO
0.7178397931503168,NO
1.0775588794702773,NO
0.0,NO
0.9315733554053119,YES
0.6931471805599453,NO
1.3545456628053103,NO
0.0,NO
0.7884573603642703,NO
0.9808417529336019,NO
0.9082585601768908,YES
0.28765707213927566,NO
0.4054651081081644,NO
1.4307417758551857,YES
0.5108456235659934,NO
0.635994649055637,NO
0.8690313953898945,NO
0.6931471805599453,NO
0.6931471805599453,NO
0.5877866649021191,NO
0.6931471805599453,NO
0.7884573603642703,NO
1.0560526742493137,NO
0.6931471805599453,NO
0.8675205675047258,NO
1.1895797190382975,NO
0.0,NO
0.5108456235659934,NO
0.5108456235659934,NO
0.8266723231649368,NO
0.5596157879354227,NO
0.5108456235659934,NO
0.6931471805599453,NO
1.7047480922384253,NO
0.6190161312168702,NO
0.5596157879354227,NO
0.7537718023763802,NO
0.7419373447293773,NO
0.6931471805599453,NO
0.6061176215868425,NO
1.0459847712674226,NO
0.5108456235659934,NO
0.8329091229351039,NO
0.4054651081081644,NO
2.051273521851915,YES
0.8145237517264589,NO
0.4054651081081644,NO
0.9808417529336019,NO
1.0116009116784799,NO
1.2039628042759356,NO
0.9444504976680113,NO
0.5978470007056208,NO
0.8472835745708761,NO
1.7730692230065752,YES
0.6061176215868425,NO
0.7884573603642703,NO
0.5596157879354227,NO
1.256840358915392,YES
0.6931471805599453,NO
0.9028812249642212,YES
0.6931471805599453,NO
0.9808417529336019,YES
0.6931471805599453,NO
0.6131294725739141,YES
1.884855077465809,YES
1.7117237059748505,YES
0.8383291904044432,NO
1.126000451986976,NO
0.5596157879354227,NO
1.4328200585568238,YES
0.5753766448254375,YES
1.0498071243861766,NO
0.0,NO
0.6931471805599453,NO
0.6061176215868425,NO
0.8266723231649368,NO
0.0,NO
1.0216592474999815,YES
1.0704528402075364,NO
0.9162907318741551,YES
0.8649974374866045,NO
1.3397791073784218,NO
0.5596157879354227,NO
0.6592283873563194,NO
0.7827593392496325,YES
0.7949363264619792,YES
0.6931471805599453,NO
1.2729576757808874,NO
0.9808417529336019,NO
1.0986122886681098,YES
0.8967408726294396,NO
0.5108456235659934,NO
0.5596157879354227,NO
0.22314355131420976,NO
1.0498071243861766,YES
0.7732052727305244,NO
0.5877866649021191,NO
0.6931471805599453,NO
0.7419373447293773,NO
0.7537718023763802,NO
0.8718371511198503,NO
0.6931471805599453,NO
0.0,NO
0.9162907318741551,NO
0.6931471805599453,NO
0.6190161312168702,YES
0.6931471805599453,NO
1.791759469228055,NO
0.8266723231649368,YES
0.9227100836763383,NO
0.9808417529336019,NO
0.6931471805599453,NO
1.003312108813785,NO
0.6190161312168702,NO
0.6931471805599453,NO
1.1769304332140527,YES
0.5108456235659934,NO
0.6931471805599453,NO
0.3364722366212129,NO
0.6931471805599453,NO
0.4054651081081644,NO
1.2646068378627864,NO
0.635994649055637,NO
1.2321520145912437,YES
0.8824029732067981,YES
1.0986122886681098,NO
0.7732052727305244,YES
0.8601858804893825,NO
0.7419373447293773,YES
0.9509626534054327,NO
1.17412165935642,YES
0.9343270943602536,NO
0.8649974374866045,NO
1.0608758068317123,NO
0.6931471805599453,NO
0.4054651081081644,NO
0.6061176215868425,NO
1.1939224684724346,NO
0.8649974374866045,NO
0.8383291904044432,NO
1.377001314208298,YES
0.7576700765754449,NO
0.5877866649021191,YES
1.1526900361987737,NO
0.5108456235659934,YES
0.6931471805599453,NO
0.6286086594223741,YES
0.6931471805599453,NO
0.8649974374866045,YES
1.1786549963416462,NO
1.1895797190382975,YES
0.0,NO
0.6931471805599453,NO
0.6931471805599453,NO
1.0986122886681098,NO
0.6931471805599453,NO
0.6931471805599453,NO
0.6931471805599453,NO
0.9808417529336019,NO
0.4054651081081644,NO
0.5596157879354227,NO
0.28765707213927566,NO
0.9162907318741551,NO
1.0986122886681098,NO
0.5108456235659934,NO
0.6931471805599453,NO
0.5877866649021191,NO
0.0,NO
0.7282247071726412,NO
0.5108456235659934,NO
0.7472091386584758,YES
0.0,NO
0.8472835745708761,NO
0.6061176215868425,NO
0.6931471805599453,NO
0.9343270943602536,NO
0.5596157879354227,NO
0.6190161312168702,NO
0.4054651081081644,NO
0.8303406097361522,NO
0.7932187342841607,NO
0.6061176215868425,NO
1.190978746030478,YES
0.7259531322851228,NO
0.6931471805599453,NO
0.9852942699708848,YES
0.5108456235659934,NO
0.6931471805599453,NO
0.8601858804893825,YES
0.6729444732424258,NO
0.0,NO
0.6931471805599453,NO
0.4054651081081644,NO
0.6190161312168702,NO
1.0116009116784799,NO
0.9162907318741551,YES
0.5108456235659934,NO
0.6931471805599453,NO
0.6931471805599453,NO
0.8362513575283964,YES
1.2878542883066382,YES
1.0884609376117342,NO
0.8668063267752465,NO
0.8873149596375817,NO
0.4054651081081644,NO
0.8979230745159701,NO
1.3545456628053103,YES
0.0,NO
0.0,NO
1.2039628042759356,YES
0.5596157879354227,NO
0.8937996940386234,NO
0.6931471805599453,NO
0.8472835745708761,NO
1.6094379124341003,NO
0.5753766448254375,NO
1.2809338454620642,NO
0.7308763973699525,NO
0.4054651081081644,NO
0.9835380808226442,YES
0.9162907318741551,NO
0.8109302162163288,NO
0.8622146216754841,NO
0.8873149596375817,NO
0.0,NO
0.6931471805599453,NO
1.4008873634227907,YES
0.47000362924573563,NO
1.7086857838901581,YES
0.7884573603642703,NO
1.1247347728136814,YES
0.7732052727305244,NO
0.8109302162163288,NO
0.5877866649021191,NO
0.8401437592942864,YES
0.6931471805599453,NO
0.6931471805599453,NO
0.5596157879354227,NO
0.5108456235659934,NO
0.6061176215868425,NO
0.47000362924573563,YES
0.8472835745708761,NO
0.5596157879354227,NO
0.635994649055637,NO
1.0116009116784799,YES
1.0986122886681098,YES
0.9808417529336019,NO
1.1349763614040356,NO
0.0,YES
1.4635794238294328,NO
1.540452183778782,NO
0.8472835745708761,NO
1.308332819650179,YES
0.7732052727305244,NO
0.0,NO
0.7984976961677712,NO
0.6931471805599453,NO
0.8824029732067981,NO
0.6931471805599453,NO
1.171645874351518,YES
0.5596157879354227,YES
0.8329091229351039,YES
0.9858167945227652,YES
0.9007709202161183,NO
0.5108456235659934,NO
0.8754687373538999,NO
0.6190161312168702,NO
1.208960345836975,YES
1.9924256192253302,YES
0.6729444732424258,NO
0.6737094866674702,NO
0.6061176215868425,YES
0.7884573603642703,NO
0.5978470007056208,YES
0.4054651081081644,NO
0.6931471805599453,NO
0.6633063385489241,YES
0.8109302162163288,NO
0.6931471805599453,NO
1.1895797190382975,NO
1.252762968495368,NO
0.7732052727305244,NO
1.0986122886681098,YES
0.8873149596375817,NO
0.7884573603642703,YES
1.252762968495368,NO
0.6931471805599453,NO
0.6931471805599453,NO
0.6286086594223741,NO
0.6190161312168702,NO
0.4054651081081644,NO
0.4054651081081644,NO
0.8873149596375817,YES
0.6931471805599453,NO
0.28765707213927566,NO
0.0,NO
0.4054651081081644,NO
1.1611174940195068,YES
0.4054651081081644,NO
0.7984976961677712,NO
0.6931471805599453,NO
0.7178397931503168,YES
0.7817073575394256,YES
1.0986122886681098,NO
0.4054651081081644,NO
0.4054651081081644,NO
0.5596157879354227,NO
0.9555114450274363,NO
1.172729784586004,YES
0.5596157879354227,NO
0.8329091229351039,NO
0.9098299056119182,YES
0.8774667400165729,NO
0.6931471805599453,YES
0.8649974374866045,NO
0.5753766448254375,NO
1.3581263412919697,NO
0.6931471805599453,NO
1.0531615424307255,YES
0.0,NO
0.5108456235659934,NO
1.1100466662937727,NO
0.6061176215868425,NO
0.6931471805599453,NO
1.3862943611198906,NO
0.5108456235659934,NO
0.6061176215868425,NO
0.9627925655255748,YES
1.0986122886681098,NO
0.6931471805599453,NO
0.5108456235659934,NO
1.0799050612024137,YES
0.5108456235659934,NO
0.8937996940386234,NO
1.1526900361987737,NO
0.7621600518468994,NO
0.9395383985938454,NO
0.7419373447293773,NO
0.9808417529336019,NO
0.6931471805599453,NO
1.0438040521731147,YES
0.4054651081081644,NO
0.6931471805599453,NO
0.7884573603642703,NO
0.9409833444645266,YES
0.4054651081081644,NO
0.7621600518468994,NO
0.7556523859113424,NO
0.9088632160453585,YES
0.9808417529336019,NO
0.9400072584914712,NO
0.9707789171582246,YES
1.4213960257052396,YES
0.9067251270044541,NO
0.6061176215868425,NO
0.8690313953898945,NO
0.6931471805599453,NO
0.0,NO
0.7884573603642703,NO
0.6931471805599453,NO
0.9490676513880921,NO
0.8109302162163288,NO
1.0856958967348829,YES
0.6931471805599453,NO
1.0986122886681098,NO
0.6931471805599453,NO
0.5108456235659934,NO
0.0,NO
0.5596157879354227,NO
0.5596157879354227,NO
0.6931471805599453,NO
0.6190161312168702,NO
0.4054651081081644,NO
0.8960880245566357,YES
0.6931471805599453,NO
0.7621600518468994,NO
0.5978470007056208,YES
0.8979230745159701,NO
0.6633063385489241,NO
1.2163953243244932,NO
1.1221334837094556,NO
0.6931471805599453,NO
0.7537718023763802,NO
1.0986122886681098,NO
0.9808417529336019,NO
0.8873149596375817,NO
1.0560526742493137,NO
0.8266723231649368,NO
0.6506049572942703,NO
1.1823098476896763,YES
0.6931471805599453,YES
0.7537718023763802,NO
0.6931471805599453,NO
0.9808417529336019,NO
0.6931471805599453,NO
0.6931471805599453,NO
0.9100311817030108,NO
0.7732052727305244,NO
0.5108456235659934,NO
1.0464414163392002,YES
0.6931471805599453,NO
0.6931471805599453,NO
0.6931471805599453,NO
0.7308763973699525,NO
1.246543668681451,NO
0.5596157879354227,NO
0.6539384673346647,NO
0.4054651081081644,NO
0.7732052727305244,NO
1.128462310636995,NO
0.4054651081081644,YES
1.0116009116784799,NO
1.0647107369924282,YES
0.6190161312168702,NO
0.6931471805599453,YES
0.6539384673346647,YES
0.5596157879354227,NO
0.7537718023763802,YES
0.6506049572942703,NO
0.5877866649021191,NO
0.7984976961677712,NO
0.8109302162163288,NO
0.4054651081081644,NO
0.6931471805599453,NO
0.6931471805599453,NO
0.4054651081081644,YES
0.6931471805599453,NO
0.9382870297460512,NO
1.0986122886681098,NO
0.7472091386584758,NO
0.8266723231649368,NO
0.7884573603642703,NO
0.6931471805599453,NO
0.733953174952199,NO
0.5877866649021191,YES
0.9808417529336019,NO
0.6931471805599453,NO
0.4054651081081644,NO
0.7984976961677712,YES
1.2729576757808874,NO
0.4054651081081644,NO
0.47958260402605885,NO
1.0986122886681098,NO
0.5596157879354227,YES
0.6325475584310157,YES
0.6931471805599453,NO
1.6739701835521403,NO
0.6931471805599453,NO
1.4552838992679533,NO
0.4054651081081644,NO
0.47000362924573563,NO
0.5877866649021191,NO
0.6931471805599453,NO
0.6931471805599453,YES
0.9162907318741551,YES
0.8472835745708761,NO
1.4663293764561487,YES
0.7621600518468994,NO
1.7369512327330598,YES
0.6649534461891633,NO
1.1394342831883648,NO
0.5108456235659934,NO
0.9808417529336019,NO
0.8754687373538999,YES
0.5596157879354227,NO
0.4054651081081644,NO
0.5877866649021191,NO
0.8873149596375817,NO
0.5108456235659934,NO
1.0986122886681098,NO
0.6931471805599453,NO
0.6931471805599453,YES
1.2878542883066382,YES
1.427124355608146,NO
1.2809338454620642,NO
0.6931471805599453,NO
1.0840061362787476,NO
0.9162907318741551,YES
1.3121902351126185,NO
1.270911567576326,NO
1.0438040521731147,YES
0.8754687373538999,NO
1.0986122886681098,YES
0.4274222754602066,YES
0.8157629641001335,YES
0.9162907318741551,YES
1.3862943611198906,YES
0.8937996940386234,NO
0.9328331484934664,NO
1.041442110053074,NO
1.427124355608146,YES
0.5108456235659934,NO
0.9377782135155782,YES
0.9162907318741551,NO
0.9444504976680113,NO
1.4816045409242156,YES
1.3862943611198906,NO
0.5596157879354227,NO
0.4054651081081644,NO
0.7868196564225803,NO
0.0,NO
0.6931471805599453,NO
1.0775588794702773,YES
0.6931471805599453,NO
0.6931471805599453,NO
0.6931471805599453,NO
0.28765707213927566,NO
0.7801502241815194,NO
0.4054651081081644,YES
0.6061176215868425,NO
0.0,NO
0.6061176215868425,NO
0.28765707213927566,NO
0.656794351094147,NO
0.4054651081081644,NO
1.1994224672271179,NO
1.6365276496241934,YES
0.0,NO
0.4054651081081644,NO
0.9101921734122855,NO
0.6061176215868425,NO
0.9162907318741551,NO
1.3235675312115855,NO
0.5596157879354227,YES
0.5596157879354227,NO
0.4054651081081644,NO
0.4054651081081644,NO
0.0,NO
0.5753766448254375,NO
0.4054651081081644,NO
0.0,YES
0.5390048340312984,NO
0.6061176215868425,NO
0.6931471805599453,NO
0.6418538861723947,NO
0.9351517395150737,NO
0.6931471805599453,NO
0.9162907318741551,NO
0.6190161312168702,NO
1.0986122886681098,NO
0.5596157879354227,NO
0.5877866649021191,NO
0.968237812496902,NO
0.6931471805599453,NO
0.6931471805599453,NO
0.6931471805599453,NO
0.5596157879354227,NO
0.5877866649021191,NO
0.4054651081081644,NO
1.17412165935642,NO
0.5108456235659934,NO
0.0,YES
0.4054651081081644,NO
0.714125586945137,YES
0.0,YES
0.0,NO
1.0116009116784799,NO
1.0340737675305385,NO
0.965080896043587,NO
0.6931471805599453,NO
0.6931471805599453,NO
0.5877866649021191,NO
0.6931471805599453,NO
1.5491144952509952,NO
0.0,NO
0.4054651081081644,NO
0.635994649055637,NO
0.5877866649021191,NO
0.8803733566873551,NO
0.5596157879354227,NO
1.1579183945655174,YES
0.9007709202161183,NO
1.0745244931390199,NO
0.0,NO
0.4054651081081644,NO
1.4552838992679533,NO
0.0,NO
1.128462310636995,YES
1.0986122886681098,NO
0.47000362924573563,NO
0.6931471805599453,NO
0.4054651081081644,NO
0.6061176215868425,NO
0.1823215567939546,NO
1.1349763614040356,NO
0.28765707213927566,NO
0.4054651081081644,NO
0.4054651081081644,NO
1.5156984983311512,NO
0.656794351094147,NO
0.7049769323135225,NO
0.9162907318741551,YES
1.1631508098056809,NO
1.0116009116784799,NO
1.4469189829363254,NO
0.5877866649021191,YES
0.9555114450274363,YES
0.6931471805599453,NO
0.6931471805599453,YES
1.1710569735642782,NO
1.6422341868491828,NO
0.4054651081081644,NO
0.47000362924573563,NO
0.8472835745708761,NO
0.6466319268184766,NO
0.9162907318741551,NO
0.6931471805599453,NO
0.6931471805599453,NO
0.5877866649021191,NO
0.4054651081081644,NO
0.4054651081081644,NO
0.45196694175958424,NO
0.6931471805599453,NO
0.28765707213927566,NO
0.4054651081081644,NO
0.9028812249642212,NO
0.0,NO
0.5877866649021191,NO
0.0,NO
0.6931471805599453,NO
0.4054651081081644,NO
0.4054651081081644,NO
1.3862943611198906,NO
0.6751359477580936,NO
0.6931471805599453,NO
0.9028812249642212,NO
0.5108456235659934,NO
0.9532781839244356,NO
1.62924053973028,YES
0.47000362924573563,NO
0.6931471805599453,NO
1.0986122886681098,NO
1.252762968495368,YES
0.965080896043587,NO
0.4054651081081644,NO
0.0,NO
0.0,NO
0.6931471805599453,NO
0.5108456235659934,NO
1.195224650568226,YES
1.4663293764561487,YES
0.8754687373538999,NO
0.5596157879354227,NO
1.126000451986976,NO
0.7205677761359375,NO
0.6931471805599453,NO
0.6931471805599453,NO
0.6931471805599453,NO
0.7248880663440078,NO
0.8472835745708761,NO
0.6931471805599453,NO
0.6931471805599453,NO
1.0459847712674226,YES
0.9718767991137006,NO
0.4054651081081644,NO
0.6931471805599453,NO
1.6094379124341003,NO
0.6931471805599453,NO
1.7281804875851836,YES
0.6131294725739141,NO
1.1065143185639637,YES
0.4054651081081644,NO
0.6539384673346647,NO
0.719107282229477,YES
0.6931471805599453,NO
0.7472091386584758,NO
0.6061176215868425,NO
0.7248880663440078,NO
0.9808417529336019,NO
0.8472835745708761,YES
0.7732052727305244,NO
0.9382870297460512,NO
1.0647107369924282,NO
0.801867047274188,NO
0.5877866649021191,NO
0.6931471805599453,NO
1.3499156057761759,NO
0.9343270943602536,NO
0.5596157879354227,NO
1.3545456628053103,NO
0.9772353025015099,NO
0.6931471805599453,NO
0.6931471805599453,NO
0.7556523859113424,NO
0.6633063385489241,NO
0.6931471805599453,NO
0.6931471805599453,NO
0.5596157879354227,YES
0.5596157879354227,NO
0.0,NO
1.2729576757808874,NO
0.6931471805599453,NO
1.0986122886681098,NO
0.8109302162163288,NO
0.6931471805599453,NO
0.656794351094147,NO
0.4054651081081644,NO
1.0986122886681098,NO
1.5719021789049958,NO
1.285202499558617,YES
0.5877866649021191,NO
0.6286086594223741,NO
0.733953174952199,NO
0.0,NO
1.0986122886681098,NO
0.9028812249642212,NO
0.6390605146561794,NO
0.5108456235659934,NO
0.6190161312168702,NO
0.4054651081081644,NO
0.0,NO
2.0794415416798357,NO
0.6931471805599453,NO
1.0884609376117342,NO
0.6804671274025709,NO
0.6931471805599453,NO
0.0,NO
1.1324982846672467,NO
0.4054651081081644,NO
0.6190161312168702,NO
0.6931471805599453,NO
0.8601858804893825,NO
0.4054651081081644,NO
0.5108456235659934,NO
0.6649534461891633,NO
1.0809234257970255,NO
0.5596157879354227,NO
0.7621600518468994,NO
0.5108456235659934,NO
0.7949363264619792,YES
0.9555114450274363,NO
0.5596157879354227,NO
0.9808417529336019,NO
0.9343270943602536,NO
0.6690593850308554,NO
0.6061176215868425,NO
0.4054651081081644,NO
0.0,NO
1.3862943611198906,NO
0.7645837304977939,NO
0.5877866649021191,NO
1.5898880531893849,YES
0.4054651081081644,NO
0.5877866649021191,NO
0.8415671856782188,NO
0.28765707213927566,NO
0.7672337239126434,NO
0.656794351094147,NO
1.2992920749980297,NO
0.0,NO
0.5877866649021191,NO
0.1823215567939546,NO
0.4054651081081644,NO
0.9162907318741551,NO
0.6931471805599453,NO
1.5362433691310429,YES
0.5596157879354227,NO
0.5108456235659934,NO
0.5877866649021191,NO
0.9808417529336019,NO
0.6131294725739141,NO
0.0,NO
0.8472835745708761,NO
0.8649974374866045,NO
0.7621600518468994,NO
0.4054651081081644,NO
0.4054651081081644,NO
1.2795996224489277,NO
0.5596157879354227,NO
1.3437260510111133,NO
0.0,NO
1.33500106673234,NO
0.47000362924573563,NO
0.5596157879354227,NO
0.6061176215868425,YES
1.2992920749980297,NO
0.6931471805599453,NO
0.7563097555175854,NO
0.9808417529336019,NO
0.5108456235659934,NO
1.0116009116784799,NO
0.7884573603642703,NO
0.28765707213927566,NO
0.5596157879354227,NO
0.6857700362208962,NO
0.6840055226426619,NO
0.7457870678841249,NO
0.47000362924573563,NO
0.6190161312168702,NO
2.185455593736221,NO
0.6418538861723947,NO
0.5108456235659934,NO
0.6931471805599453,NO
0.5596157879354227,NO
0.5108456235659934,NO
0.635994649055637,YES
0.6931471805599453,NO
0.6931471805599453,NO
0.5108456235659934,NO
0.5108456235659934,NO
0.6931471805599453,NO
0.965080896043587,NO
0.0,NO
0.7375945952952404,NO
0.6931471805599453,NO
0.6592283873563194,NO
0.45196694175958424,NO
0.5596157879354227,NO
0.0,NO
0.6131294725739141,NO
0.635994649055637,NO
2.3978952727983707,NO
0.6931471805599453,NO
1.230546573260967,NO
1.5040773967762742,NO
0.5877866649021191,NO
0.8266723231649368,NO
0.5108456235659934,NO
0.6190161312168702,NO
1.5506004427096058,NO
0.6931471805599453,NO
0.6931471805599453,NO
1.000631880307906,NO
0.9745596399981308,NO
0.8362513575283964,NO
0.1823215567939546,NO
1.3397791073784218,NO
1.0756165688737938,NO
0.5108456235659934,NO
0.7537718023763802,NO
0.5596157879354227,NO
0.9162907318741551,NO
1.2110775060558676,NO
0.0,NO
1.0986122886681098,NO
0.8649974374866045,NO
0.4054651081081644,NO
0.9808417529336019,NO
0.6931471805599453,NO
1.0330065315701158,NO
0.8109302162163288,NO
0.6466319268184766,NO
0.6931471805599453,NO
0.4054651081081644,NO
1.0133085437536529,NO
0.6931471805599453,NO
1.55814461804655,NO
0.7884573603642703,NO
0.7419373447293773,NO
0.0,NO
0.8266723231649368,NO
0.5596157879354227,NO
0.7375945952952404,NO
0.6931471805599453,NO
0.5877866649021191,NO
0.6931471805599453,NO
0.0,NO
0.6931471805599453,NO
0.712949807856125,NO
0.9162907318741551,NO
0.6241721660564141,NO
0.6931471805599453,NO
0.7801502241815194,NO
1.5755294641829134,NO
0.9257657022366732,NO
0.8109302162163288,NO
0.6506049572942703,NO
0.6931471805599453,NO
0.5108456235659934,NO
0.6931471805599453,NO
1.3862943611198906,YES
0.4054651081081644,NO
1.4469189829363254,NO
0.635994649055637,NO
1.3200477153009642,NO
1.2039628042759356,NO
0.5877866649021191,NO
0.5108456235659934,NO
0.8437200390393197,YES
0.6931471805599453,NO
0.4054651081081644,NO
0.8556486099045935,NO
0.8472835745708761,NO
1.0023216283498233,NO
0.0,NO
0.8601858804893825,YES
0.0,NO
0.5596157879354227,NO
0.8937996940386234,NO
0.6931471805599453,NO
1.2992920749980297,NO
0.6931471805599453,NO
1.1176629993589102,YES
0.6931471805599453,NO
0.9555114450274363,NO
0.7732052727305244,YES
0.5108456235659934,NO
0.6931471805599453,NO
1.6094379124341003,NO
0.8472835745708761,NO
0.6931471805599453,NO
0.5596157879354227,NO
0.4054651081081644,NO
0.635994649055637,NO
0.5108456235659934,NO
0.5108456235659934,NO
0.4054651081081644,NO
0.4054651081081644,NO
0.5306282510621704,NO
0.6493520205602737,NO
0.5108456235659934,NO
1.0163894284102772,NO
0.6061176215868425,NO
0.6190161312168702,NO
1.6422341868491828,NO
0.4054651081081644,NO
1.1962530838107168,NO
0.6931471805599453,NO
0.6931471805599453,YES
0.4054651081081644,NO
0.4054651081081644,NO
0.6931471805599453,NO
0.6190161312168702,YES
1.0678437549964732,NO
0.5108456235659934,NO
0.635994649055637,YES
1.3256681768022351,NO
0.9162907318741551,NO
0.8472835745708761,NO
0.9162907318741551,NO
0.8873149596375817,NO
0.6931471805599453,NO
0.5108456235659934,NO
0.661398482245365,NO
0.6931471805599453,NO
1.003312108813785,NO
1.2130118289766059,NO
1.0560526742493137,NO
1.8035892209816322,YES
0.6190161312168702,NO
0.9542799177781898,NO
0.8109302162163288,NO
0.9808417529336019,NO
0.4054651081081644,NO
0.47000362924573563,NO
0.4054651081081644,NO
0.9162907318741551,NO
0.9162907318741551,NO
0.0,NO
0.6931471805599453,NO
0.4054651081081644,NO
1.4845547302874103,NO
0.5108456235659934,NO
0.8109302162163288,NO
1.174523396100648,YES
0.8143023021164125,NO
0.4054651081081644,NO
1.2750554906279612,YES
1.041442110053074,YES
0.5596157879354227,NO
0.8574320498677486,NO
0.4054651081081644,NO
0.6931471805599453,NO
0.8209685519978296,NO
1.2187628897985714,NO
0.28765707213927566,NO
0.9490676513880921,NO
0.6931471805599453,NO
1.6314146452374694,NO
0.5877866649021191,NO
0.0,YES
1.5506004427096058,YES
0.6931471805599453,NO
0.6190161312168702,NO
1.3862943611198906,NO
0.8824029732067981,NO
0.4054651081081644,NO
0.6931471805599453,NO
0.4054651081081644,NO
0.5108456235659934,YES
1.0704528402075364,YES
1.151457711214635,YES
0.5108456235659934,NO
0.6931471805599453,NO
0.5108456235659934,NO
0.9382870297460512,NO
0.9162907318741551,NO
1.6739701835521403,NO
0.635994649055637,NO
0.0,NO
0.5108456235659934,NO
0.6931471805599453,NO
0.9808417529336019,NO
1.0986122886681098,NO
0.5108456235659934,NO
0.4054651081081644,NO
0.6931471805599453,NO
0.0,NO
0.9848461743696603,NO
1.0116009116784799,NO
0.6506049572942703,NO
0.0,NO
1.0116009116784799,NO
0.6931471805599453,NO
1.5781948926941685,NO
0.5877866649021191,NO
1.3217558399823195,NO
0.6931471805599453,NO
0.5596157879354227,NO
0.7939422905948398,YES
0.6931471805599453,NO
0.6649534461891633,NO
0.6931471805599453,NO
0.5877866649021191,NO
0.9932517730102834,NO
0.4054651081081644,NO
0.8109302162163288,NO
1.2992920749980297,NO
0.28765707213927566,NO
0.0,NO
0.9162907318741551,NO
0.4054651081081644,NO
1.4170660197866443,YES
1.3862943611198906,NO
0.4054651081081644,NO
0.0,NO
0.6931471805599453,NO
0.7375945952952404,NO
0.5108456235659934,NO
1.2039628042759356,NO
1.4863885339051899,NO
0.6808721496843327,NO
0.28765707213927566,NO
0.0,NO
1.0986122886681098,NO
0.6931471805599453,NO
0.6418538861723947,NO
0.5877866649021191,NO
0.6931471805599453,NO
0.6061176215868425,NO
0.4054651081081644,NO
0.656794351094147,NO
0.4054651081081644,NO
0.6931471805599453,NO
0.5978470007056208,NO
0.6931471805599453,NO
0.5877866649021191,NO
1.252762968495368,NO
1.019533005640862,YES
0.7884573603642703,NO
0.6931471805599453,NO
0.4054651081081644,NO
1.0424298689791176,YES
0.6286086594223741,NO
1.2003863807905157,NO
0.6931471805599453,NO
0.6190161312168702,NO
0.7086759821775723,YES
0.8329091229351039,NO
1.0296194171811581,NO
1.655958837159489,YES
0.9808417529336019,NO
0.5596157879354227,NO
0.0,NO
0.6931471805599453,NO
0.9162907318741551,NO
0.7585134839911981,NO
0.6190161312168702,NO
0.8472835745708761,NO
1.0986122886681098,NO
1.7047480922384253,NO
0.5877866649021191,NO
0.6061176215868425,NO
1.0216592474999815,NO
0.7949363264619792,NO
0.9162907318741551,NO
1.2809338454620642,NO
0.635994649055637,NO
1.5918847531865112,NO
0.7133418878454646,NO
1.252762968495368,NO
0.4054651081081644,NO
1.0698355138966908,YES
0.5108456235659934,NO
0.4054651081081644,NO
0.0,NO
0.6931471805599453,NO
0.6061176215868425,NO
0.5108456235659934,NO
1.4880835070219245,NO
0.6931471805599453,NO
1.0055096704057853,YES
0.6931471805599453,NO
0.6931471805599453,NO
0.0,NO
0.6286086594223741,NO
0.9808417529336019,NO
1.5040773967762742,NO
1.3862943611198906,YES
0.4054651081081644,NO
0.5596157879354227,NO
0.6931471805599453,NO
0.6061176215868425,NO
0.7984976961677712,NO
0.4054651081081644,NO
0.8649974374866045,NO
0.4054651081081644,NO
0.6061176215868425,NO
0.4054651081081644,NO
0.4054651081081644,NO
0.6931471805599453,NO
0.4054651081081644,NO
0.8109302162163288,NO
1.5960081353223758,NO
0.6931471805599453,NO
0.5108456235659934,NO
0.5877866649021191,NO
1.3217558399823195,NO
0.6856692907039865,NO
0.0,NO
0.38301497927057243,NO
0.4054651081081644,NO
0.6931471805599453,NO
0.6190161312168702,NO
0.9162907318741551,NO
0.6701344062508724,YES
0.635994649055637,NO
1.3217558399823195,NO
0.6931471805599453,NO
0.9444504976680113,NO
0.6931471805599453,NO
0.0,NO
0.6931471805599453,NO
0.9409833444645266,NO
0.8574320498677486,NO
0.4054651081081644,NO
0.7205677761359375,NO
0.9044610361205764,NO
0.6931471805599453,NO
0.7963353383561143,NO
0.6931471805599453,NO
0.8556486099045935,NO
0.6286086594223741,NO
0.6931471805599453,NO
0.6931471805599453,NO
1.3962446919730587,NO
0.9075728412544323,NO
1.7578579175523736,NO
0.6931471805599453,NO
0.709660088934159,NO
1.4836705869986115,YES
0.6418538861723947,NO
0.22314355131420976,NO
1.0986122886681098,NO
0.5596157879354227,NO
1.128462310636995,NO
0.6418538861723947,NO
0.6931471805599453,NO
0.5108456235659934,NO
0.5596157879354227,NO
0.5596157879354227,NO
0.6931471805599453,NO
0.8362513575283964,NO
0.9968379276567786,NO
0.5108456235659934,NO
0.4054651081081644,NO
0.4054651081081644,NO
0.5596157879354227,NO
0.0,NO
0.5108456235659934,NO
0.6931471805599453,NO
0.8690313953898945,NO
0.6931471805599453,NO
0.8525838648164409,YES
0.28765707213927566,NO
0.8109302162163288,NO
0.5108456235659934,NO
0.0,NO
0.6931471805599453,NO
0.4054651081081644,NO
1.2371851185320333,YES
0.6931471805599453,NO
0.6931471805599453,NO
0.6931471805599453,NO
0.6061176215868425,NO
0.5877866649021191,NO
0.6539384673346647,NO
0.6931471805599453,NO
0.7884573603642703,NO
0.6061176215868425,NO
0.6190161312168702,NO
0.7444579747943725,NO
0.9162907318741551,NO
0.0,NO
0.9162907318741551,NO
0.9473629514285656,NO
1.0465467663647572,NO
0.6931471805599453,NO
1.5040773967762742,NO
0.6931471805599453,NO
1.3862943611198906,NO
0.9808417529336019,NO
0.4054651081081644,NO
1.0459847712674226,NO
0.0,NO
1.6094379124341003,NO
1.5763360409289835,NO
1.1451459405736646,NO
1.540452183778782,NO
0.8873149596375817,YES
0.5877866649021191,NO
0.4054651081081644,NO
1.2840124350716617,YES
0.8329091229351039,NO
0.5596157879354227,NO
0.6931471805599453,NO
0.5390048340312984,NO
0.7404123730270595,NO
0.5108456235659934,NO
0.6931471805599453,NO
0.661398482245365,NO
0.6931471805599453,NO
0.5108456235659934,NO
0.5390048340312984,YES
0.4054651081081644,NO
0.6931471805599453,NO
0.0,NO
1.0608758068317123,NO
0.0,NO
1.1820032308969388,YES
1.0986122886681098,NO
1.289673322515465,NO
1.3862943611198906,NO
1.0531615424307255,NO
0.6931471805599453,NO
0.24114062801586433,NO
0.8157629641001335,NO
0.47000362924573563,NO
0.6931471805599453,NO
0.6744739152943241,NO
0.6931471805599453,NO
0.5753766448254375,NO
1.0216592474999815,NO
0.5596157879354227,NO
0.28765707213927566,NO
1.3862943611198906,NO
0.5108456235659934,NO
1.0296194171811581,NO
0.47000362924573563,YES
0.6131294725739141,NO
0.5596157879354227,NO
1.1749867380398378,NO
0.0,NO
0.8472835745708761,NO
0.6931471805599453,NO
0.8001164015571877,NO
0.4054651081081644,NO
0.6466319268184766,NO
0.5108456235659934,NO
0.6418538861723947,YES
1.4816045409242156,NO
0.8266723231649368,NO
0.8873149596375817,NO
1.066364541117989,YES
0.9555114450274363,NO
0.6931471805599453,NO
0.4054651081081644,NO
0.0,NO
1.17412165935642,NO
0.8425150122107687,NO
0.8754687373538999,NO
0.0,NO
0.6931471805599453,NO
0.4054651081081644,NO
0.6286086594223741,NO
0.8329091229351039,NO
0.8007900895753018,NO
0.4054651081081644,NO
0.9162907318741551,NO
0.0,NO
0.0,NO
0.6931471805599453,NO
0.4054651081081644,NO
0.4054651081081644,NO
0.7949363264619792,NO
0.6061176215868425,NO
0.6931471805599453,NO
1.006423897673207,YES
1.2321520145912437,NO
0.7884573603642703,NO
0.6466319268184766,NO
0.5596157879354227,NO
0.6286086594223741,NO
0.6931471805599453,NO
0.9694143501964279,NO
0.6931471805599453,NO
0.8708330089493718,YES
0.635994649055637,NO
0.4054651081081644,NO
0.6506049572942703,NO
0.7156422583873162,NO
0.8109302162163288,NO
0.8209685519978296,NO
0.6931471805599453,YES
0.4054651081081644,NO
0.6190161312168702,NO
1.5960081353223758,YES
1.532470471277492,YES
0.6539384673346647,NO
0.4054651081081644,NO
0.9932517730102834,NO
1.2497298016636644,NO
0.5108456235659934,NO
0.5596157879354227,NO
0.6190161312168702,NO
0.7502833719307545,NO
1.1433625574061819,NO
0.6931471805599453,NO
0.9371124475664533,NO
0.9343270943602536,YES
1.8718021769015913,NO
0.6931471805599453,NO
0.5108456235659934,NO
0.4054651081081644,NO
0.6539384673346647,NO
1.5314763709643886,NO
1.4916448767277166,YES
0.6931471805599453,NO
0.0,NO
0.6931471805599453,NO
0.6286086594223741,NO
0.6931471805599453,NO
0.6664951495625188,NO
0.5877866649021191,NO
0.5108456235659934,NO
0.961417049490265,NO
1.8971249848733813,YES
0.26236426446749106,NO
0.0,NO
0.6931471805599453,NO
0.4054651081081644,NO
1.8101067897127805,YES
1.0986122886681098,NO
0.7884573603642703,YES
0.6931471805599453,NO
0.8194273464702752,NO
0.6778812468895119,NO
0.635994649055637,NO
0.6325475584310157,NO
0.5596157879354227,NO
0.47000362924573563,NO
0.5753766448254375,NO
1.2878542883066382,NO
0.9444504976680113,NO
0.5596157879354227,NO
0.6931471805599453,YES
0.0,NO
0.5108456235659934,NO
1.7205856497735301,NO
0.6286086594223741,YES
0.28765707213927566,YES
0.5596157879354227,YES
0.47000362924573563,YES
1.2321520145912437,YES
0.5877866649021191,YES
0.9162907318741551,NO
1.5040773967762742,YES
1.290994181265566,YES
0.5877866649021191,YES
0.0,YES
1.7047480922384253,YES
1.3256681768022351,YES
0.4054651081081644,YES
0.8937996940386234,YES
0.6931471805599453,NO
0.6931471805599453,YES
0.4054651081081644,YES
0.8183250292881739,YES
1.0986122886681098,YES
0.6931471805599453,NO
0.6931471805599453,YES
0.8397552001960358,YES
0.8472835745708761,YES
0.8071006706357906,YES
2.4460445389958725,NO
0.47000362924573563,YES
0.6061176215868425,NO
0.47000362924573563,YES
0.47000362924573563,YES
0.5596157879354227,YES
0.0,YES
1.2992920749980297,YES
0.6931471805599453,YES
0.4054651081081644,YES
0.4054651081081644,YES
0.7472091386584758,YES
0.8708330089493718,YES
0.5877866649021191,YES
0.6931471805599453,NO
0.5596157879354227,YES
0.6931471805599453,NO
0.6466319268184766,YES
0.7472091386584758,YES
0.8109302162163288,YES
0.6931471805599453,YES
0.47000362924573563,YES
0.5877866649021191,YES
0.47000362924573563,YES
0.5390048340312984,YES
0.7431746741595934,NO
0.47000362924573563,YES
0.5596157879354227,NO
1.7578579175523736,NO
0.6931471805599453,YES
0.7732052727305244,YES
1.1676096045896291,YES
0.4054651081081644,NO
0.5108456235659934,YES
0.8109302162163288,YES
0.6931471805599453,YES
0.7732052727305244,NO
0.0,YES
0.8472835745708761,NO
0.4054651081081644,YES
0.6931471805599453,NO
0.6931471805599453,YES
0.6931471805599453,YES
0.6799099537779248,YES
0.6061176215868425,NO
0.0,YES
0.5108456235659934,YES
0.8472835745708761,YES
0.6061176215868425,NO
0.9162907318741551,YES
0.6931471805599453,YES
0.0,YES
0.7205677761359375,YES
0.0,YES
0.5108456235659934,NO
1.1574470743890022,YES
0.6931471805599453,YES
0.6931471805599453,YES
0.28765707213927566,YES
0.8241754429663495,YES
1.1314021114911006,YES
0.6931471805599453,YES
0.47000362924573563,YES
0.6931471805599453,NO
0.6931471805599453,YES
0.4054651081081644,YES
0.4054651081081644,YES
0.6931471805599453,YES
0.4054651081081644,YES
0.47000362924573563,NO
0.47000362924573563,YES
0.5108456235659934,NO
0.0,YES
2.381229900984015,YES
0.6931471805599453,YES
0.8183250292881739,YES
0.28765707213927566,YES
1.0116009116784799,NO
0.6190161312168702,YES
0.6931471805599453,YES
0.7221232887964623,YES
0.4595112765252514,YES
0.4054651081081644,YES
0.47000362924573563,YES
2.0476928433652555,YES
0.5596157879354227,YES
0.4054651081081644,NO
0.4054651081081644,YES
0.0,NO
0.6931471805599453,YES
0.6931471805599453,YES
0.4054651081081644,NO
0.4054651081081644,NO
0.4054651081081644,NO
0.4054651081081644,YES
0.47000362924573563,YES
1.0116009116784799,YES
0.0,NO
0.4054651081081644,YES
0.47000362924573563,YES
0.4054651081081644,YES
0.6931471805599453,YES
0.5108456235659934,NO
0.6931471805599453,YES
0.4054651081081644,YES
0.28765707213927566,YES
0.6931471805599453,YES
0.7328966000772283,YES
0.4054651081081644,YES
0.7701082216960737,YES
0.5877866649021191,YES
0.9162907318741551,YES
0.6931471805599453,YES
0.28765707213927566,YES
1.255445082694898,NO
0.0,YES
0.5390048340312984,YES
0.4054651081081644,NO
0.8690313953898945,YES
1.3437260510111133,NO
0.7711262218765339,YES
0.47000362924573563,YES
0.6763570112524712,YES
0.6931471805599453,NO
0.0,YES
0.8472835745708761,NO
0.9162907318741551,YES
0.6931471805599453,NO
0.28765707213927566,YES
0.6061176215868425,YES
0.6931471805599453,NO
0.6931471805599453,YES
0.6286086594223741,YES
0.5108456235659934,YES
0.5877866649021191,YES
0.9007709202161183,YES
0.5596157879354227,YES
0.47000362924573563,YES
0.6931471805599453,YES
0.47000362924573563,YES
0.8754687373538999,NO
0.6931471805599453,NO
1.1676096045896291,YES
0.47000362924573563,YES
0.6931471805599453,YES
0.5108456235659934,YES
0.0,NO
0.47000362924573563,YES
0.8754687373538999,NO
0.8472835745708761,NO
0.7419373447293773,YES
0.4054651081081644,YES
1.1394342831883648,YES
1.7578579175523736,NO
0.6931471805599453,NO
1.0986122886681098,YES
0.47000362924573563,YES
0.9808417529336019,NO
0.6657245949819731,YES
0.0,YES
0.4054651081081644,YES
0.6931471805599453,YES
0.6931471805599453,YES
1.0116009116784799,NO
0.4054651081081644,YES
0.7732052727305244,NO
0.6931471805599453,NO
